order_id,create_date,customer_id,state,price,quantity,payment_method,product_id,canceled_order_history,product_name,payment_status
277139,2018-04-28 02:22:15.336448 UTC,131180,cancel,25000.0,1.0,cod,1284,14,Pork grilled cake,
256088,2018-04-14 00:54:23.39513 UTC,38548,done,25000.0,1.0,cod,1284,15,Pork grilled cake,
246049,2018-04-06 06:34:00.198894 UTC,44177,done,25000.0,1.0,cod,1284,12,Pork grilled cake,
244245,2018-04-05 05:43:40.270912 UTC,260866,done,55000.0,1.0,cod,1291,15,Caramel tea,
262072,2018-04-18 11:07:45.566415 UTC,160510,done,65000.0,1.0,cod,1292,30,Caramel tea,
260358,2018-04-17 08:54:31.802247 UTC,160510,done,65000.0,1.0,cod,1292,30,Caramel tea,
257403,2018-04-15 03:50:49.744465 UTC,160510,done,65000.0,1.0,cod,1292,30,Caramel tea,
243511,2018-04-04 12:18:12.82825 UTC,79854,done,29000.0,1.0,cod,1555,15,Chocolate Gift Box,
258422,2018-04-16 04:00:31.372163 UTC,255949,cancel,1.0,2.0,cod,283,46,ComBo 49K,
258384,2018-04-16 03:28:40.639281 UTC,133162,cancel,1.0,2.0,cod,283,95,ComBo 49K,
258377,2018-04-16 03:23:16.425602 UTC,133162,cancel,38000.0,2.0,cod,283,95,ComBo 49K,
259721,2018-04-17 04:23:41.333387 UTC,253665,done,65000.0,3.0,cod,1280,1,Fresh Orange Juice,
255566,2018-04-13 07:03:41.892136 UTC,302544,done,65000.0,1.0,cod,1280,1,Fresh Orange Juice,
256609,2018-04-14 05:53:18.51346 UTC,318558,cancel,65000.0,1.0,cod,1280,1,Fresh Orange Juice,
271598,2018-04-24 07:50:57.767275 UTC,146764,cancel,65000.0,1.0,cod,1280,1,Fresh Orange Juice,
274608,2018-04-26 09:09:17.46649 UTC,335377,cancel,65000.0,1.0,cod,1280,1,Fresh Orange Juice,
256612,2018-04-14 05:55:26.697003 UTC,318558,done,65000.0,1.0,cod,1280,1,Fresh Orange Juice,
255937,2018-04-13 11:43:15.717489 UTC,16835,done,65000.0,1.0,cod,1280,1,Fresh Orange Juice,
275524,2018-04-27 03:58:22.329448 UTC,55999,done,65000.0,1.0,cod,1280,1,Fresh Orange Juice,
261041,2018-04-18 03:27:35.340161 UTC,40843,done,65000.0,1.0,cod,1280,1,Fresh Orange Juice,
250994,2018-04-10 01:50:56.674325 UTC,139549,done,65000.0,1.0,cod,1280,1,Fresh Orange Juice,
266707,2018-04-21 07:03:17.793869 UTC,16835,done,65000.0,1.0,cod,1280,1,Fresh Orange Juice,
256687,2018-04-14 06:40:20.993427 UTC,19692,done,65000.0,1.0,cod,1280,1,Fresh Orange Juice,
259957,2018-04-17 06:26:06.490556 UTC,11754,done,65000.0,1.0,cod,1280,1,Fresh Orange Juice,
262817,2018-04-19 04:08:36.565923 UTC,57050,done,65000.0,1.0,cod,1280,1,Fresh Orange Juice,
271437,2018-04-24 06:58:28.758115 UTC,146764,done,65000.0,1.0,cod,1280,1,Fresh Orange Juice,
255251,2018-04-13 04:45:50.674055 UTC,30616,done,65000.0,1.0,cod,1280,1,Fresh Orange Juice,
245216,2018-04-06 01:40:08.389593 UTC,141123,done,65000.0,1.0,cod,1280,1,Fresh Orange Juice,
257019,2018-04-14 11:10:22.845641 UTC,16835,done,65000.0,1.0,cod,1280,1,Fresh Orange Juice,
253960,2018-04-12 05:36:35.388693 UTC,74903,done,25000.0,1.0,cod,1284,1,Pork grilled cake,
241160,2018-04-03 04:56:00.750120 UTC,305379,cancel,25000.0,1.0,cod,1284,1,Pork grilled cake,
253998,2018-04-12 05:56:16.172857 UTC,307478,done,25000.0,1.0,cod,1284,1,Pork grilled cake,
259367,2018-04-17 01:12:52.135017 UTC,276141,done,25000.0,1.0,cod,1284,1,Pork grilled cake,
266099,2018-04-21 02:03:15.652108 UTC,329551,cancel,25000.0,1.0,cod,1284,1,Pork grilled cake,
264359,2018-04-20 02:49:10.425716 UTC,328665,cancel,25000.0,1.0,cod,1284,1,Pork grilled cake,
251244,2018-04-10 03:10:34.601371 UTC,48518,done,25000.0,1.0,cod,1284,1,Pork grilled cake,
252247,2018-04-11 01:21:03.553305 UTC,276141,done,25000.0,1.0,cod,1284,1,Pork grilled cake,
253024,2018-04-11 07:31:14.178579 UTC,74104,done,25000.0,1.0,cod,1284,1,Pork grilled cake,
275951,2018-04-27 05:37:42.518592 UTC,194305,done,25000.0,1.0,cod,1284,1,Pork grilled cake,
263459,2018-04-19 07:58:20.211264 UTC,311576,done,25000.0,1.0,cod,1284,1,Pork grilled cake,
241569,2018-04-03 07:10:35.498090 UTC,59505,done,25000.0,1.0,cod,1284,1,Pork grilled cake,
259797,2018-04-17 05:20:08.404346 UTC,46253,done,25000.0,1.0,cod,1284,1,Pork grilled cake,
244794,2018-04-05 08:46:44.999821 UTC,307437,done,25000.0,1.0,cod,1284,1,Pork grilled cake,
270501,2018-04-23 13:55:27.764889 UTC,144133,cancel,25000.0,1.0,cod,1284,1,Pork grilled cake,
239025,2018-04-01 12:03:23.55662 UTC,184314,done,25000.0,1.0,cod,1284,1,Pork grilled cake,
246322,2018-04-06 07:48:56.212783 UTC,248658,done,25000.0,1.0,cod,1284,1,Pork grilled cake,
254881,2018-04-13 01:37:14.525453 UTC,144789,done,25000.0,1.0,cod,1284,1,Pork grilled cake,
239057,2018-04-01 12:34:44.242300 UTC,273462,done,25000.0,1.0,cod,1284,1,Pork grilled cake,
262310,2018-04-19 00:54:11.449634 UTC,165757,cancel,25000.0,1.0,cod,1284,1,Pork grilled cake,
265290,2018-04-20 07:34:36.688637 UTC,70793,done,25000.0,1.0,cod,1284,1,Pork grilled cake,
266901,2018-04-21 09:00:22.770149 UTC,172607,done,25000.0,1.0,cod,1284,1,Pork grilled cake,
252416,2018-04-11 02:20:55.989215 UTC,13483,done,25000.0,1.0,cod,1284,1,Pork grilled cake,
263757,2018-04-19 10:52:05.149785 UTC,88992,done,25000.0,1.0,cod,1284,1,Pork grilled cake,
262269,2018-04-18 21:22:20.914360 UTC,138519,cancel,25000.0,1.0,cod,1284,1,Pork grilled cake,
263888,2018-04-19 12:47:30.921177 UTC,264048,done,25000.0,1.0,cod,1284,1,Pork grilled cake,
254766,2018-04-13 00:38:56.250456 UTC,286945,done,25000.0,1.0,cod,1284,1,Pork grilled cake,
248025,2018-04-08 01:32:45.769828 UTC,42832,done,25000.0,1.0,cod,1284,1,Pork grilled cake,
273857,2018-04-26 04:23:39.917872 UTC,297646,done,25000.0,1.0,cod,1284,1,Pork grilled cake,
277795,2018-04-28 11:51:42.509525 UTC,193795,done,25000.0,1.0,cod,1284,1,Pork grilled cake,
274023,2018-04-26 05:42:34.33870 UTC,92295,done,25000.0,1.0,cod,1284,1,Pork grilled cake,
258469,2018-04-16 04:35:47.75133 UTC,316578,done,25000.0,1.0,cod,1284,1,Pork grilled cake,
270572,2018-04-24 00:39:33.51973 UTC,9023,done,25000.0,1.0,cod,1284,1,Pork grilled cake,
241418,2018-04-03 06:32:40.725742 UTC,212156,done,25000.0,1.0,cod,1284,1,Pork grilled cake,
270266,2018-04-23 11:29:06.603171 UTC,276541,done,25000.0,1.0,cod,1284,1,Pork grilled cake,
274039,2018-04-26 05:51:38.988827 UTC,226911,done,25000.0,1.0,cod,1284,1,Pork grilled cake,
270430,2018-04-23 13:08:08.935119 UTC,45671,done,25000.0,1.0,cod,1284,1,Pork grilled cake,
267871,2018-04-22 08:19:04.834815 UTC,164891,done,25000.0,1.0,cod,1284,1,Pork grilled cake,
245648,2018-04-06 03:37:33.288312 UTC,90512,done,25000.0,1.0,cod,1284,1,Pork grilled cake,
251189,2018-04-10 02:49:24.315175 UTC,255983,done,25000.0,1.0,cod,1284,1,Pork grilled cake,
256500,2018-04-14 04:45:57.622090 UTC,183154,cancel,25000.0,1.0,cod,1284,1,Pork grilled cake,
262856,2018-04-19 04:38:13.426834 UTC,255983,done,25000.0,1.0,cod,1284,1,Pork grilled cake,
266887,2018-04-21 08:50:59.403122 UTC,88212,done,25000.0,1.0,cod,1284,1,Pork grilled cake,
256523,2018-04-14 05:03:06.974914 UTC,267505,done,25000.0,1.0,cod,1284,1,Pork grilled cake,
274694,2018-04-26 10:57:08.980352 UTC,164891,done,25000.0,1.0,cod,1284,1,Pork grilled cake,
273910,2018-04-26 04:56:48.956947 UTC,228217,cancel,25000.0,1.0,cod,1284,1,Pork grilled cake,
252203,2018-04-11 00:57:57.207764 UTC,276154,done,25000.0,1.0,cod,1284,1,Pork grilled cake,
243902,2018-04-05 02:33:25.172784 UTC,309064,done,25000.0,1.0,cod,1284,1,Pork grilled cake,
277605,2018-04-28 07:54:38.357078 UTC,79759,done,25000.0,1.0,cod,1284,1,Pork grilled cake,
248450,2018-04-08 06:27:31.527472 UTC,292676,done,25000.0,1.0,cod,1284,1,Pork grilled cake,
261175,2018-04-18 04:28:22.942195 UTC,73280,done,25000.0,1.0,cod,1284,1,Pork grilled cake,
267279,2018-04-22 01:40:25.228176 UTC,268678,cancel,25000.0,1.0,cod,1284,1,Pork grilled cake,
243647,2018-04-05 00:48:53.502427 UTC,186322,done,25000.0,1.0,cod,1284,1,Pork grilled cake,
270626,2018-04-24 01:12:28.192151 UTC,325683,done,25000.0,1.0,cod,1284,1,Pork grilled cake,
254485,2018-04-12 08:51:02.632700 UTC,129205,done,25000.0,1.0,cod,1284,1,Pork grilled cake,
253856,2018-04-12 04:26:36.570027 UTC,206586,done,25000.0,1.0,cod,1284,1,Pork grilled cake,
268857,2018-04-23 04:06:25.307045 UTC,37828,done,25000.0,1.0,cod,1284,1,Pork grilled cake,
250726,2018-04-09 13:16:43.710411 UTC,121149,cancel,25000.0,1.0,cod,1284,1,Pork grilled cake,
251033,2018-04-10 02:00:50.635029 UTC,315651,done,25000.0,1.0,cod,1284,1,Pork grilled cake,
266935,2018-04-21 09:29:29.342682 UTC,314876,done,25000.0,1.0,cod,1284,1,Pork grilled cake,
276954,2018-04-27 23:54:12.198717 UTC,124226,done,25000.0,1.0,cod,1284,1,Pork grilled cake,
262342,2018-04-19 01:10:21.912740 UTC,276141,done,25000.0,1.0,cod,1284,1,Pork grilled cake,
263432,2018-04-19 07:49:40.337748 UTC,31819,done,25000.0,1.0,cod,1284,1,Pork grilled cake,
243903,2018-04-05 02:33:39.981006 UTC,309064,cancel,25000.0,1.0,cod,1284,1,Pork grilled cake,
259819,2018-04-17 05:33:23.885788 UTC,324130,done,25000.0,1.0,cod,1284,1,Pork grilled cake,
246839,2018-04-07 01:12:12.600359 UTC,37937,done,25000.0,1.0,cod,1284,1,Pork grilled cake,
277687,2018-04-28 09:29:01.506538 UTC,135995,done,25000.0,1.0,cod,1284,1,Pork grilled cake,
238382,2018-04-01 02:42:33.50570 UTC,247565,done,25000.0,2.0,cod,1284,1,Pork grilled cake,
268112,2018-04-22 12:04:57.178281 UTC,87742,done,25000.0,2.0,cod,1284,1,Pork grilled cake,
252385,2018-04-11 02:11:00.490126 UTC,298791,done,25000.0,2.0,cod,1284,1,Pork grilled cake,
255081,2018-04-13 02:57:21.563139 UTC,76460,done,25000.0,2.0,cod,1284,1,Pork grilled cake,
278266,2018-04-29 06:35:30.357207 UTC,335289,done,25000.0,2.0,cod,1284,1,Pork grilled cake,
239262,2018-04-02 01:46:23.44501 UTC,297354,done,25000.0,3.0,cod,1284,1,Pork grilled cake,
240662,2018-04-03 00:07:16.568734 UTC,305170,cancel,39000.0,1.0,cod,11,1,Americano (hot),
257163,2018-04-14 14:28:18.114289 UTC,303093,cancel,55000.0,1.0,cod,1291,1,Caramel tea,
248069,2018-04-08 02:07:36.483740 UTC,303501,done,55000.0,1.0,cod,1291,1,Caramel tea,
276826,2018-04-27 12:16:48.836917 UTC,319805,done,55000.0,1.0,cod,1291,1,Caramel tea,
272342,2018-04-25 03:54:38.777183 UTC,59229,done,55000.0,1.0,cod,1291,1,Caramel tea,
259030,2018-04-16 08:41:27.821852 UTC,51536,done,55000.0,1.0,cod,1291,1,Caramel tea,
270929,2018-04-24 03:01:16.428367 UTC,287470,done,55000.0,1.0,cod,1291,1,Caramel tea,
265037,2018-04-20 06:36:36.135736 UTC,323102,done,55000.0,1.0,cod,1291,1,Caramel tea,
273166,2018-04-25 12:43:53.229248 UTC,138770,done,55000.0,1.0,cod,1291,1,Caramel tea,
274433,2018-04-26 07:35:15.551149 UTC,82135,done,55000.0,1.0,cod,1291,1,Caramel tea,
247145,2018-04-07 03:49:08.181197 UTC,252447,cancel,55000.0,1.0,cod,1291,1,Caramel tea,
271433,2018-04-24 06:57:50.301175 UTC,147227,cancel,55000.0,1.0,cod,1291,1,Caramel tea,
245200,2018-04-06 01:34:43.989145 UTC,38155,done,55000.0,1.0,cod,1291,1,Caramel tea,
247868,2018-04-07 12:31:55.819344 UTC,293213,cancel,55000.0,1.0,cod,1291,1,Caramel tea,
257105,2018-04-14 12:51:05.807016 UTC,10174,done,55000.0,1.0,cod,1291,1,Caramel tea,
265335,2018-04-20 07:43:39.543209 UTC,167380,done,55000.0,1.0,cod,1291,1,Caramel tea,
244401,2018-04-05 06:31:48.683320 UTC,301998,done,55000.0,1.0,cod,1291,1,Caramel tea,
239279,2018-04-02 01:55:03.813991 UTC,246603,done,55000.0,1.0,cod,1291,1,Caramel tea,
268526,2018-04-23 01:58:35.397076 UTC,63155,done,55000.0,1.0,cod,1291,1,Caramel tea,
261773,2018-04-18 07:43:35.930426 UTC,96124,done,55000.0,1.0,cod,1291,1,Caramel tea,
273590,2018-04-26 02:22:33.121898 UTC,256470,done,55000.0,1.0,cod,1291,1,Caramel tea,
252303,2018-04-11 01:43:17.247035 UTC,73444,done,55000.0,1.0,cod,1291,1,Caramel tea,
245662,2018-04-06 03:45:56.935345 UTC,54622,done,55000.0,1.0,cod,1291,1,Caramel tea,
266505,2018-04-21 05:29:14.268713 UTC,329459,done,55000.0,1.0,cod,1291,1,Caramel tea,
255477,2018-04-13 06:37:45.425225 UTC,141123,done,55000.0,1.0,cod,1291,1,Caramel tea,
272994,2018-04-25 09:53:18.933526 UTC,333046,done,55000.0,1.0,cod,1291,1,Caramel tea,
259291,2018-04-16 14:24:34.463584 UTC,107020,cancel,55000.0,1.0,cod,1291,1,Caramel tea,
256598,2018-04-14 05:46:04.240523 UTC,6978,done,55000.0,1.0,cod,1291,1,Caramel tea,
276430,2018-04-27 07:33:38.324414 UTC,46947,done,55000.0,1.0,cod,1291,1,Caramel tea,
275782,2018-04-27 04:49:37.650308 UTC,242118,done,55000.0,1.0,cod,1291,1,Caramel tea,
276139,2018-04-27 06:15:08.410900 UTC,138770,done,55000.0,1.0,cod,1291,1,Caramel tea,
267603,2018-04-22 04:58:07.374838 UTC,293562,done,55000.0,1.0,cod,1291,1,Caramel tea,
243835,2018-04-05 02:21:38.425715 UTC,48630,done,55000.0,1.0,cod,1291,1,Caramel tea,
271609,2018-04-24 07:56:07.124360 UTC,147227,done,55000.0,1.0,cod,1291,1,Caramel tea,
239288,2018-04-02 01:58:12.749344 UTC,6778,done,55000.0,1.0,cod,1291,1,Caramel tea,
259276,2018-04-16 13:47:32.377490 UTC,266106,done,55000.0,1.0,cod,1291,1,Caramel tea,
254212,2018-04-12 06:53:24.24514 UTC,315651,done,55000.0,1.0,cod,1291,1,Caramel tea,
268947,2018-04-23 04:49:16.488924 UTC,79103,done,55000.0,1.0,cod,1291,1,Caramel tea,
243241,2018-04-04 08:21:50.312961 UTC,10959,done,55000.0,1.0,cod,1291,1,Caramel tea,
276272,2018-04-27 06:36:08.802861 UTC,337056,cancel,55000.0,1.0,cod,1291,1,Caramel tea,
243996,2018-04-05 03:08:20.995838 UTC,45440,done,55000.0,1.0,cod,1291,1,Caramel tea,
269987,2018-04-23 09:00:32.828294 UTC,294175,done,55000.0,1.0,cod,1291,1,Caramel tea,
250624,2018-04-09 11:58:03.758852 UTC,195142,done,55000.0,1.0,cod,1291,1,Caramel tea,
264179,2018-04-20 01:51:06.86947 UTC,48630,done,55000.0,1.0,cod,1291,1,Caramel tea,
244793,2018-04-05 08:46:23.286565 UTC,305352,done,55000.0,1.0,cod,1291,1,Caramel tea,
268454,2018-04-23 01:39:13.295759 UTC,107517,done,55000.0,1.0,cod,1291,1,Caramel tea,
263461,2018-04-19 07:58:26.148701 UTC,21700,done,55000.0,1.0,cod,1291,1,Caramel tea,
270113,2018-04-23 10:02:28.697333 UTC,230641,done,55000.0,1.0,cod,1291,1,Caramel tea,
256207,2018-04-14 01:54:30.748722 UTC,299968,done,55000.0,2.0,cod,1291,1,Caramel tea,
251924,2018-04-10 08:58:01.319878 UTC,32268,done,55000.0,2.0,cod,1291,1,Caramel tea,
265077,2018-04-20 06:43:56.394698 UTC,260204,done,55000.0,2.0,cod,1291,1,Caramel tea,
240550,2018-04-02 12:18:23.474653 UTC,244061,done,65000.0,3.0,cod,1292,1,Caramel tea,
262504,2018-04-19 01:59:08.462199 UTC,269806,done,65000.0,1.0,cod,1292,1,Caramel tea,
264537,2018-04-20 03:43:33.105442 UTC,291836,cancel,65000.0,1.0,cod,1292,1,Caramel tea,
265850,2018-04-20 13:30:07.924479 UTC,255471,done,65000.0,1.0,cod,1292,1,Caramel tea,
246465,2018-04-06 09:03:16.11005 UTC,195142,done,65000.0,1.0,cod,1292,1,Caramel tea,
267417,2018-04-22 03:10:44.691645 UTC,2884,done,65000.0,1.0,cod,1292,1,Caramel tea,
256867,2018-04-14 08:18:46.23053 UTC,321175,done,65000.0,1.0,cod,1292,1,Caramel tea,
250624,2018-04-09 11:58:03.758852 UTC,195142,done,65000.0,1.0,cod,1292,1,Caramel tea,
256357,2018-04-14 03:09:25.507084 UTC,316096,done,65000.0,1.0,cod,1292,1,Caramel tea,
267403,2018-04-22 03:01:28.626055 UTC,5202,cancel,65000.0,1.0,cod,1292,1,Caramel tea,
270556,2018-04-24 00:01:29.677969 UTC,76575,done,65000.0,1.0,cod,1292,1,Caramel tea,
242083,2018-04-03 13:42:07.336007 UTC,191955,done,65000.0,1.0,cod,1292,1,Caramel tea,
274114,2018-04-26 06:13:03.904112 UTC,93502,done,65000.0,1.0,cod,1292,1,Caramel tea,
271371,2018-04-24 06:45:31.884728 UTC,7191,done,65000.0,1.0,cod,1292,1,Caramel tea,
243502,2018-04-04 12:07:08.131848 UTC,307959,cancel,65000.0,1.0,cod,1292,1,Caramel tea,
256989,2018-04-14 10:27:33.495454 UTC,302432,done,65000.0,1.0,cod,1292,1,Caramel tea,
253767,2018-04-12 03:21:47.557734 UTC,48630,done,65000.0,1.0,cod,1292,1,Caramel tea,
247206,2018-04-07 04:33:22.534884 UTC,270414,cancel,65000.0,1.0,cod,1292,1,Caramel tea,
264147,2018-04-20 01:39:40.476183 UTC,327429,done,65000.0,1.0,cod,1292,1,Caramel tea,
254381,2018-04-12 07:52:44.420307 UTC,311984,done,65000.0,1.0,cod,1292,1,Caramel tea,
270258,2018-04-23 11:23:39.120680 UTC,330450,cancel,65000.0,1.0,cod,1292,1,Caramel tea,
264536,2018-04-20 03:43:27.226620 UTC,291836,done,65000.0,1.0,cod,1292,1,Caramel tea,
243903,2018-04-05 02:33:39.981006 UTC,309064,cancel,65000.0,1.0,cod,1292,1,Caramel tea,
245403,2018-04-06 02:17:09.881109 UTC,307134,done,65000.0,1.0,cod,1292,1,Caramel tea,
252453,2018-04-11 02:39:27.727881 UTC,134352,done,65000.0,1.0,cod,1292,1,Caramel tea,
274180,2018-04-26 06:32:11.141059 UTC,89596,done,65000.0,1.0,cod,1292,1,Caramel tea,
277405,2018-04-28 05:23:22.420730 UTC,291836,done,65000.0,1.0,cod,1292,1,Caramel tea,
260422,2018-04-17 09:57:27.98776 UTC,81975,done,65000.0,1.0,cod,1292,1,Caramel tea,
239025,2018-04-01 12:03:23.55662 UTC,184314,done,65000.0,1.0,cod,1292,1,Caramel tea,
264593,2018-04-20 04:05:54.132634 UTC,29896,done,65000.0,1.0,cod,1292,1,Caramel tea,
277475,2018-04-28 06:23:15.570581 UTC,327429,done,65000.0,1.0,cod,1292,1,Caramel tea,
259319,2018-04-17 00:39:01.339414 UTC,184884,done,65000.0,1.0,cod,1292,1,Caramel tea,
270593,2018-04-24 00:57:39.563193 UTC,281185,done,65000.0,1.0,cod,1292,1,Caramel tea,
249904,2018-04-09 06:27:24.293926 UTC,13278,done,65000.0,1.0,cod,1292,1,Caramel tea,
264179,2018-04-20 01:51:06.86947 UTC,48630,done,65000.0,1.0,cod,1292,1,Caramel tea,
248159,2018-04-08 03:14:17.963464 UTC,92297,done,65000.0,1.0,cod,1292,1,Caramel tea,
254745,2018-04-13 00:08:05.655999 UTC,197095,done,65000.0,1.0,cod,1292,1,Caramel tea,
260397,2018-04-17 09:24:31.386490 UTC,195142,done,65000.0,1.0,cod,1292,1,Caramel tea,
269909,2018-04-23 08:24:36.387229 UTC,93502,cancel,65000.0,1.0,cod,1292,1,Caramel tea,
248283,2018-04-08 04:36:33.754923 UTC,270414,done,65000.0,2.0,cod,1292,1,Caramel tea,
238693,2018-04-01 06:36:49.564047 UTC,195142,done,65000.0,2.0,cod,1292,1,Caramel tea,
276102,2018-04-27 06:05:18.878668 UTC,93502,done,65000.0,2.0,cod,1292,1,Caramel tea,
243138,2018-04-04 07:50:14.223815 UTC,49824,done,55000.0,1.0,cod,1293,1,Caramel tea,
241643,2018-04-03 07:29:49.542682 UTC,8997,done,55000.0,1.0,cod,1293,1,Caramel tea,
239288,2018-04-02 01:58:12.749344 UTC,6778,done,55000.0,1.0,cod,1293,1,Caramel tea,
266013,2018-04-21 01:22:31.842509 UTC,63155,done,55000.0,1.0,cod,1293,1,Caramel tea,
267263,2018-04-22 01:31:10.413961 UTC,25068,done,55000.0,1.0,cod,1293,1,Caramel tea,
252238,2018-04-11 01:18:03.298312 UTC,34954,done,35000.0,1.0,cod,14,1,Hot Espresso,
244401,2018-04-05 06:31:48.683320 UTC,301998,done,35000.0,1.0,cod,14,1,Hot Espresso,
256196,2018-04-14 01:50:38.53915 UTC,5184,done,29000.0,1.0,cod,1555,1,Chocolate Gift Box,
267738,2018-04-22 06:43:31.919969 UTC,265635,done,29000.0,1.0,cod,1555,1,Chocolate Gift Box,
267654,2018-04-22 05:41:19.169493 UTC,117079,done,29000.0,1.0,cod,1555,1,Chocolate Gift Box,
274094,2018-04-26 06:09:55.311826 UTC,58576,done,29000.0,1.0,cod,1555,1,Chocolate Gift Box,
265584,2018-04-20 09:39:27.94538 UTC,229660,done,29000.0,1.0,cod,1555,1,Chocolate Gift Box,
270100,2018-04-23 09:57:37.361421 UTC,44726,done,29000.0,1.0,cod,1555,1,Chocolate Gift Box,
273073,2018-04-25 11:19:55.931900 UTC,119248,done,29000.0,1.0,cod,1555,1,Chocolate Gift Box,
271857,2018-04-24 11:58:51.310919 UTC,328386,cancel,29000.0,1.0,cod,1555,1,Chocolate Gift Box,
258082,2018-04-16 01:11:22.963167 UTC,7994,done,29000.0,1.0,cod,1555,1,Chocolate Gift Box,
242076,2018-04-03 13:30:54.83832 UTC,296842,done,29000.0,1.0,cod,1555,1,Chocolate Gift Box,
239672,2018-04-02 05:16:06.526777 UTC,296181,done,29000.0,1.0,cod,1555,1,Chocolate Gift Box,
263337,2018-04-19 07:13:56.768135 UTC,56763,done,29000.0,1.0,cod,1555,1,Chocolate Gift Box,
265860,2018-04-20 13:37:49.306568 UTC,316769,done,29000.0,1.0,cod,1555,1,Chocolate Gift Box,
274608,2018-04-26 09:09:17.46649 UTC,335377,cancel,29000.0,1.0,cod,1555,1,Chocolate Gift Box,
260766,2018-04-18 01:36:39.829107 UTC,7994,done,29000.0,1.0,cod,1555,1,Chocolate Gift Box,
270331,2018-04-23 12:06:57.72311 UTC,330128,done,29000.0,1.0,cod,1555,1,Chocolate Gift Box,
270581,2018-04-24 00:47:08.500332 UTC,83875,done,29000.0,1.0,cod,1555,1,Chocolate Gift Box,
277690,2018-04-28 09:34:06.66344 UTC,265635,done,29000.0,1.0,cod,1555,1,Chocolate Gift Box,
259195,2018-04-16 12:13:26.71464 UTC,316769,done,29000.0,1.0,cod,1555,1,Chocolate Gift Box,
252076,2018-04-10 12:36:49.237062 UTC,91363,done,29000.0,3.0,cod,1555,1,Chocolate Gift Box,
267417,2018-04-22 03:10:44.691645 UTC,2884,done,25000.0,1.0,cod,1556,1,Apple Cheese Mouse & chocolate,
265789,2018-04-20 12:42:07.143733 UTC,65266,done,25000.0,1.0,cod,1556,1,Apple Cheese Mouse & chocolate,
275060,2018-04-27 01:27:45.919704 UTC,6972,cancel,25000.0,1.0,cod,1556,1,Apple Cheese Mouse & chocolate,
261278,2018-04-18 05:10:59.573473 UTC,290387,done,25000.0,1.0,cod,1556,1,Apple Cheese Mouse & chocolate,
259811,2018-04-17 05:29:27.366142 UTC,156987,done,25000.0,1.0,cod,1556,1,Apple Cheese Mouse & chocolate,
276555,2018-04-27 08:15:08.473617 UTC,142794,done,25000.0,1.0,cod,1556,1,Apple Cheese Mouse & chocolate,
274985,2018-04-27 01:07:32.167879 UTC,207060,done,25000.0,1.0,cod,1556,1,Apple Cheese Mouse & chocolate,
267122,2018-04-21 13:02:55.897767 UTC,330128,done,25000.0,1.0,cod,1556,1,Apple Cheese Mouse & chocolate,
260566,2018-04-17 13:17:50.367569 UTC,56275,done,25000.0,1.0,cod,1556,1,Apple Cheese Mouse & chocolate,
276875,2018-04-27 13:04:53.560074 UTC,321908,cancel,25000.0,1.0,cod,1556,1,Apple Cheese Mouse & chocolate,
261282,2018-04-18 05:12:16.885641 UTC,304141,done,25000.0,1.0,cod,1556,1,Apple Cheese Mouse & chocolate,
266294,2018-04-21 03:40:39.86967 UTC,223261,done,25000.0,1.0,cod,1556,1,Apple Cheese Mouse & chocolate,
264162,2018-04-20 01:45:53.515990 UTC,210165,done,25000.0,1.0,cod,1556,1,Apple Cheese Mouse & chocolate,
259388,2018-04-17 01:24:36.508968 UTC,205776,done,25000.0,1.0,cod,1556,1,Apple Cheese Mouse & chocolate,
259247,2018-04-16 13:21:44.637180 UTC,324192,done,25000.0,1.0,cod,1556,1,Apple Cheese Mouse & chocolate,
239105,2018-04-01 13:31:03.664749 UTC,231961,done,25000.0,1.0,cod,1556,1,Apple Cheese Mouse & chocolate,
268006,2018-04-22 09:53:13.278484 UTC,304141,done,25000.0,1.0,cod,1556,1,Apple Cheese Mouse & chocolate,
239658,2018-04-02 05:09:17.239645 UTC,296181,cancel,25000.0,1.0,cod,1556,1,Apple Cheese Mouse & chocolate,
269909,2018-04-23 08:24:36.387229 UTC,93502,cancel,25000.0,1.0,cod,1556,1,Apple Cheese Mouse & chocolate,
242469,2018-04-04 03:45:42.737269 UTC,136565,done,25000.0,1.0,cod,1556,1,Apple Cheese Mouse & chocolate,
248396,2018-04-08 05:53:39.634125 UTC,156035,done,25000.0,1.0,cod,1556,1,Apple Cheese Mouse & chocolate,
248389,2018-04-08 05:44:07.606780 UTC,122553,done,25000.0,1.0,cod,1556,1,Apple Cheese Mouse & chocolate,
256625,2018-04-14 06:03:22.976156 UTC,315955,done,25000.0,1.0,cod,1556,1,Apple Cheese Mouse & chocolate,
270912,2018-04-24 02:54:50.442688 UTC,330629,cancel,25000.0,1.0,cod,1556,1,Apple Cheese Mouse & chocolate,
265044,2018-04-20 06:37:02.948494 UTC,41469,done,25000.0,1.0,cod,1556,1,Apple Cheese Mouse & chocolate,
273880,2018-04-26 04:38:10.899543 UTC,9511,done,25000.0,1.0,cod,1556,1,Apple Cheese Mouse & chocolate,
257311,2018-04-15 02:33:40.186504 UTC,118327,done,25000.0,1.0,cod,1556,1,Apple Cheese Mouse & chocolate,
271019,2018-04-24 04:03:37.675154 UTC,213910,done,25000.0,1.0,cod,1556,1,Apple Cheese Mouse & chocolate,
251562,2018-04-10 06:35:24.910440 UTC,315953,done,25000.0,2.0,cod,1556,1,Apple Cheese Mouse & chocolate,
248538,2018-04-08 07:35:33.126370 UTC,57349,done,25000.0,2.0,cod,1556,1,Apple Cheese Mouse & chocolate,
255074,2018-04-13 02:53:24.8549 UTC,98658,done,5000.0,1.0,cod,279,1,Whipping cream,
252603,2018-04-11 04:22:39.514312 UTC,98658,done,5000.0,1.0,cod,279,1,Whipping cream,
267894,2018-04-22 08:34:45.12660 UTC,93495,done,5000.0,1.0,cod,539,1,Đào Ngâm,
276917,2018-04-27 13:54:57.546396 UTC,82286,done,5000.0,1.0,cod,539,1,Đào Ngâm,
251545,2018-04-10 06:30:04.46130 UTC,258791,done,5000.0,1.0,cod,539,1,Đào Ngâm,
270265,2018-04-23 11:28:26.123156 UTC,82286,done,5000.0,1.0,cod,539,1,Đào Ngâm,
252139,2018-04-10 13:59:58.522119 UTC,156374,done,5000.0,1.0,cod,539,1,Đào Ngâm,
256255,2018-04-14 02:16:30.471269 UTC,156374,done,5000.0,1.0,cod,539,1,Đào Ngâm,
258842,2018-04-16 07:07:58.989255 UTC,258791,done,5000.0,1.0,cod,539,1,Đào Ngâm,
251960,2018-04-10 09:54:50.935405 UTC,127523,done,5000.0,1.0,cod,539,1,Đào Ngâm,
271548,2018-04-24 07:33:10.965925 UTC,258791,done,5000.0,1.0,cod,539,1,Đào Ngâm,
253698,2018-04-12 02:40:46.670110 UTC,294614,done,5000.0,1.0,cod,539,1,Đào Ngâm,
265871,2018-04-20 13:49:39.419887 UTC,195250,done,5000.0,1.0,cod,539,1,Đào Ngâm,
275520,2018-04-27 03:56:13.29287 UTC,15270,done,5000.0,5.0,cod,539,1,Đào Ngâm,
253377,2018-04-11 13:44:28.782464 UTC,195250,done,5000.0,2.0,cod,539,1,Đào Ngâm,
267973,2018-04-22 09:29:55.431908 UTC,85671,done,5000.0,2.0,cod,539,1,Đào Ngâm,
257905,2018-04-15 12:26:39.44717 UTC,223996,done,5000.0,2.0,cod,539,1,Đào Ngâm,
238477,2018-04-01 03:54:32.819244 UTC,302344,done,5000.0,2.0,cod,539,1,Đào Ngâm,
276507,2018-04-27 07:56:36.498998 UTC,175280,done,5000.0,2.0,cod,539,1,Đào Ngâm,
276905,2018-04-27 13:40:09.244863 UTC,195250,done,5000.0,2.0,cod,539,1,Đào Ngâm,
277173,2018-04-28 02:40:07.508071 UTC,302344,done,5000.0,2.0,cod,539,1,Đào Ngâm,
251677,2018-04-10 07:10:11.905953 UTC,223996,done,5000.0,2.0,cod,539,1,Đào Ngâm,
257865,2018-04-15 11:22:24.692488 UTC,65052,done,5000.0,4.0,cod,539,1,Đào Ngâm,
256687,2018-04-14 06:40:20.993427 UTC,19692,done,42000.0,11.0,cod,28,1,Specia Drink Kiwi Tea,
242971,2018-04-04 06:59:31.502526 UTC,196172,done,42000.0,9.0,cod,28,1,Specia Drink Kiwi Tea,
245462,2018-04-06 02:29:04.498822 UTC,203792,done,42000.0,3.0,cod,28,1,Specia Drink Kiwi Tea,
261421,2018-04-18 06:10:34.192348 UTC,111259,done,42000.0,3.0,cod,28,1,Specia Drink Kiwi Tea,
264502,2018-04-20 03:29:54.275264 UTC,303675,cancel,42000.0,3.0,cod,28,1,Specia Drink Kiwi Tea,
266621,2018-04-21 06:23:28.646549 UTC,109165,done,42000.0,3.0,cod,28,1,Specia Drink Kiwi Tea,
254465,2018-04-12 08:41:04.796665 UTC,255256,done,42000.0,3.0,cod,28,1,Specia Drink Kiwi Tea,
255540,2018-04-13 06:54:32.139180 UTC,117200,done,42000.0,3.0,cod,28,1,Specia Drink Kiwi Tea,
244801,2018-04-05 08:50:04.315858 UTC,209282,done,42000.0,3.0,cod,28,1,Specia Drink Kiwi Tea,
247049,2018-04-07 02:58:47.321769 UTC,312462,cancel,42000.0,3.0,cod,28,1,Specia Drink Kiwi Tea,
269086,2018-04-23 05:39:37.679725 UTC,305373,done,42000.0,3.0,cod,28,1,Specia Drink Kiwi Tea,
271604,2018-04-24 07:53:21.334849 UTC,263983,done,42000.0,3.0,cod,28,1,Specia Drink Kiwi Tea,
276576,2018-04-27 08:23:20.313189 UTC,175168,done,42000.0,3.0,cod,28,1,Specia Drink Kiwi Tea,
258504,2018-04-16 05:01:10.380585 UTC,74305,done,42000.0,3.0,cod,28,1,Specia Drink Kiwi Tea,
255556,2018-04-13 07:00:10.476649 UTC,319664,done,42000.0,3.0,cod,28,1,Specia Drink Kiwi Tea,
272525,2018-04-25 05:13:36.259896 UTC,257784,done,42000.0,3.0,cod,28,1,Specia Drink Kiwi Tea,
249910,2018-04-09 06:29:00.328900 UTC,272802,done,42000.0,3.0,cod,28,1,Specia Drink Kiwi Tea,
240299,2018-04-02 08:18:11.281675 UTC,48123,done,42000.0,3.0,cod,28,1,Specia Drink Kiwi Tea,
258056,2018-04-16 01:00:55.256273 UTC,124226,done,42000.0,3.0,cod,28,1,Specia Drink Kiwi Tea,
264699,2018-04-20 04:48:03.464889 UTC,274724,done,42000.0,3.0,cod,28,1,Specia Drink Kiwi Tea,
264731,2018-04-20 04:56:23.450019 UTC,6213,done,42000.0,3.0,cod,28,1,Specia Drink Kiwi Tea,
256328,2018-04-14 02:53:21.297316 UTC,153464,done,42000.0,3.0,cod,28,1,Specia Drink Kiwi Tea,
247084,2018-04-07 03:18:04.516604 UTC,312463,cancel,42000.0,3.0,cod,28,1,Specia Drink Kiwi Tea,
271865,2018-04-24 12:07:11.799332 UTC,20039,done,42000.0,3.0,cod,28,1,Specia Drink Kiwi Tea,
261485,2018-04-18 06:27:30.9748 UTC,253790,cancel,42000.0,3.0,cod,28,1,Specia Drink Kiwi Tea,
243446,2018-04-04 11:21:57.371562 UTC,307770,cancel,42000.0,8.0,cod,28,1,Specia Drink Kiwi Tea,
255606,2018-04-13 07:14:47.289657 UTC,43392,done,42000.0,8.0,cod,28,1,Specia Drink Kiwi Tea,
271363,2018-04-24 06:43:51.560626 UTC,67017,done,65000.0,1.0,cod,1280,2,Fresh Orange Juice,
248416,2018-04-08 06:06:27.29038 UTC,247201,done,65000.0,1.0,cod,1280,2,Fresh Orange Juice,
264228,2018-04-20 02:05:11.860531 UTC,19599,done,65000.0,1.0,cod,1280,2,Fresh Orange Juice,
266086,2018-04-21 01:59:36.835308 UTC,247201,done,65000.0,1.0,cod,1280,2,Fresh Orange Juice,
275353,2018-04-27 02:51:13.888414 UTC,19599,done,65000.0,1.0,cod,1280,2,Fresh Orange Juice,
276824,2018-04-27 12:11:29.459427 UTC,77816,done,65000.0,1.0,cod,1280,2,Fresh Orange Juice,
266777,2018-04-21 07:42:09.723454 UTC,3091,done,65000.0,1.0,cod,1280,2,Fresh Orange Juice,
273987,2018-04-26 05:28:35.346641 UTC,247201,done,65000.0,1.0,cod,1280,2,Fresh Orange Juice,
246529,2018-04-06 09:46:42.544206 UTC,160459,done,65000.0,1.0,cod,1280,2,Fresh Orange Juice,
251445,2018-04-10 05:52:41.654936 UTC,265188,done,25000.0,1.0,cod,1284,2,Pork grilled cake,
256554,2018-04-14 05:23:00.636224 UTC,110990,done,25000.0,1.0,cod,1284,2,Pork grilled cake,
275054,2018-04-27 01:26:06.476274 UTC,280539,done,25000.0,1.0,cod,1284,2,Pork grilled cake,
259477,2018-04-17 02:03:52.141888 UTC,8411,done,25000.0,1.0,cod,1284,2,Pork grilled cake,
251895,2018-04-10 08:40:04.634929 UTC,82729,cancel,25000.0,1.0,cod,1284,2,Pork grilled cake,
252715,2018-04-11 05:51:20.224410 UTC,185754,done,25000.0,1.0,cod,1284,2,Pork grilled cake,
270934,2018-04-24 03:05:05.20232 UTC,139061,done,25000.0,1.0,cod,1284,2,Pork grilled cake,
277754,2018-04-28 10:49:22.129243 UTC,126924,done,25000.0,1.0,cod,1284,2,Pork grilled cake,
270052,2018-04-23 09:27:32.256330 UTC,307982,done,25000.0,1.0,cod,1284,2,Pork grilled cake,
241238,2018-04-03 05:34:18.627645 UTC,16974,done,25000.0,1.0,cod,1284,2,Pork grilled cake,
242833,2018-04-04 06:30:16.500756 UTC,79752,done,25000.0,1.0,cod,1284,2,Pork grilled cake,
256707,2018-04-14 06:49:47.549370 UTC,263219,done,25000.0,1.0,cod,1284,2,Pork grilled cake,
269659,2018-04-23 07:32:41.587687 UTC,259898,done,25000.0,1.0,cod,1284,2,Pork grilled cake,
274619,2018-04-26 09:18:59.8536 UTC,196082,done,25000.0,1.0,cod,1284,2,Pork grilled cake,
251897,2018-04-10 08:44:00.27017 UTC,82729,done,25000.0,1.0,cod,1284,2,Pork grilled cake,
274743,2018-04-26 12:07:26.154769 UTC,278400,cancel,25000.0,1.0,cod,1284,2,Pork grilled cake,
277184,2018-04-28 02:48:35.691756 UTC,196082,done,25000.0,1.0,cod,1284,2,Pork grilled cake,
244892,2018-04-05 10:18:35.457284 UTC,195788,done,25000.0,1.0,cod,1284,2,Pork grilled cake,
260540,2018-04-17 12:47:38.511629 UTC,34945,done,25000.0,1.0,cod,1284,2,Pork grilled cake,
242871,2018-04-04 06:40:03.84726 UTC,185358,done,25000.0,1.0,cod,1284,2,Pork grilled cake,
257627,2018-04-15 06:57:43.584622 UTC,67516,done,25000.0,1.0,cod,1284,2,Pork grilled cake,
264990,2018-04-20 06:24:13.111911 UTC,88318,done,25000.0,1.0,cod,1284,2,Pork grilled cake,
268505,2018-04-23 01:53:28.507718 UTC,280539,done,25000.0,1.0,cod,1284,2,Pork grilled cake,
246294,2018-04-06 07:36:52.763214 UTC,50106,done,25000.0,1.0,cod,1284,2,Pork grilled cake,
260995,2018-04-18 02:57:03.27613 UTC,31107,done,25000.0,1.0,cod,1284,2,Pork grilled cake,
261797,2018-04-18 07:51:11.923771 UTC,120513,done,25000.0,1.0,cod,1284,2,Pork grilled cake,
249476,2018-04-09 03:30:08.442397 UTC,184374,done,25000.0,1.0,cod,1284,2,Pork grilled cake,
244742,2018-04-05 08:11:57.120319 UTC,83417,done,25000.0,1.0,cod,1284,2,Pork grilled cake,
254677,2018-04-12 12:46:14.691988 UTC,307749,done,25000.0,1.0,cod,1284,2,Pork grilled cake,
256938,2018-04-14 09:20:48.816313 UTC,321267,done,25000.0,1.0,cod,1284,2,Pork grilled cake,
243874,2018-04-05 02:27:05.655685 UTC,291331,done,25000.0,1.0,cod,1284,2,Pork grilled cake,
242014,2018-04-03 12:12:46.460913 UTC,83494,cancel,25000.0,2.0,cod,1284,2,Pork grilled cake,
239180,2018-04-02 01:02:59.601973 UTC,259523,done,25000.0,2.0,cod,1284,2,Pork grilled cake,
247274,2018-04-07 05:11:20.741871 UTC,19147,cancel,25000.0,2.0,cod,1284,2,Pork grilled cake,
267696,2018-04-22 06:07:31.187860 UTC,278400,done,25000.0,2.0,cod,1284,2,Pork grilled cake,
276630,2018-04-27 09:05:05.285401 UTC,79191,done,25000.0,2.0,cod,1284,2,Pork grilled cake,
266237,2018-04-21 03:04:46.587193 UTC,127547,done,25000.0,2.0,cod,1284,2,Pork grilled cake,
253757,2018-04-12 03:14:02.257249 UTC,19147,done,25000.0,3.0,cod,1284,2,Pork grilled cake,
244920,2018-04-05 10:59:09.834130 UTC,207260,done,25000.0,3.0,cod,1284,2,Pork grilled cake,
240276,2018-04-02 08:11:45.491582 UTC,58985,done,39000.0,1.0,cod,11,2,Americano (hot),
277918,2018-04-29 00:30:45.417512 UTC,258455,done,39000.0,1.0,cod,11,2,Americano (hot),
267240,2018-04-22 01:18:31.595136 UTC,258455,done,39000.0,1.0,cod,11,2,Americano (hot),
262283,2018-04-19 00:11:59.356378 UTC,258455,done,39000.0,1.0,cod,11,2,Americano (hot),
246479,2018-04-06 09:16:50.942320 UTC,257457,done,55000.0,1.0,cod,1291,2,Caramel tea,
246101,2018-04-06 06:46:31.372586 UTC,105273,done,55000.0,1.0,cod,1291,2,Caramel tea,
246041,2018-04-06 06:31:49.125128 UTC,15617,done,55000.0,1.0,cod,1291,2,Caramel tea,
251825,2018-04-10 08:07:51.932366 UTC,58985,done,55000.0,1.0,cod,1291,2,Caramel tea,
261290,2018-04-18 05:15:06.331977 UTC,58985,done,55000.0,1.0,cod,1291,2,Caramel tea,
267140,2018-04-21 13:21:08.588493 UTC,55291,cancel,55000.0,1.0,cod,1291,2,Caramel tea,
262149,2018-04-18 12:25:19.235872 UTC,251908,done,55000.0,1.0,cod,1291,2,Caramel tea,
238358,2018-04-01 02:23:51.566774 UTC,55291,done,55000.0,1.0,cod,1291,2,Caramel tea,
249579,2018-04-09 04:20:24.451342 UTC,96001,done,55000.0,1.0,cod,1291,2,Caramel tea,
245115,2018-04-06 00:32:19.633261 UTC,129808,done,55000.0,1.0,cod,1291,2,Caramel tea,
240163,2018-04-02 07:29:25.177870 UTC,18923,done,55000.0,1.0,cod,1291,2,Caramel tea,
260120,2018-04-17 07:13:24.526029 UTC,108371,done,55000.0,1.0,cod,1291,2,Caramel tea,
254270,2018-04-12 07:09:26.940896 UTC,58985,done,55000.0,1.0,cod,1291,2,Caramel tea,
248062,2018-04-08 02:02:27.927642 UTC,58985,done,55000.0,1.0,cod,1291,2,Caramel tea,
250270,2018-04-09 07:45:51.444642 UTC,78042,done,55000.0,1.0,cod,1291,2,Caramel tea,
263215,2018-04-19 06:41:15.361865 UTC,58985,done,55000.0,1.0,cod,1291,2,Caramel tea,
245180,2018-04-06 01:25:44.81402 UTC,259523,done,55000.0,1.0,cod,1291,2,Caramel tea,
252316,2018-04-11 01:47:18.956176 UTC,139013,done,55000.0,1.0,cod,1291,2,Caramel tea,
258434,2018-04-16 04:09:39.975996 UTC,261197,done,55000.0,1.0,cod,1291,2,Caramel tea,
238330,2018-04-01 01:57:46.332975 UTC,303548,cancel,55000.0,1.0,cod,1291,2,Caramel tea,
248953,2018-04-09 01:03:23.178218 UTC,259523,done,55000.0,1.0,cod,1291,2,Caramel tea,
242450,2018-04-04 03:35:26.901299 UTC,127547,done,55000.0,2.0,cod,1291,2,Caramel tea,
266567,2018-04-21 05:59:35.645693 UTC,187764,done,65000.0,1.0,cod,1292,2,Caramel tea,
267284,2018-04-22 01:43:05.248313 UTC,207865,done,65000.0,1.0,cod,1292,2,Caramel tea,
261522,2018-04-18 06:36:13.493161 UTC,18175,done,65000.0,1.0,cod,1292,2,Caramel tea,
255912,2018-04-13 11:02:05.168581 UTC,70739,done,65000.0,1.0,cod,1292,2,Caramel tea,
251243,2018-04-10 03:10:18.60231 UTC,18923,done,65000.0,1.0,cod,1292,2,Caramel tea,
250310,2018-04-09 07:58:20.147342 UTC,300289,done,65000.0,1.0,cod,1292,2,Caramel tea,
266094,2018-04-21 02:01:47.906055 UTC,207865,done,65000.0,1.0,cod,1292,2,Caramel tea,
274133,2018-04-26 06:17:20.107756 UTC,330902,cancel,65000.0,1.0,cod,1292,2,Caramel tea,
243852,2018-04-05 02:23:55.492630 UTC,18923,done,65000.0,1.0,cod,1292,2,Caramel tea,
266945,2018-04-21 09:40:57.772625 UTC,39245,done,65000.0,1.0,cod,1292,2,Caramel tea,
260168,2018-04-17 07:26:35.860125 UTC,207865,done,65000.0,1.0,cod,1292,2,Caramel tea,
267414,2018-04-22 03:09:39.172055 UTC,187764,done,65000.0,1.0,cod,1292,2,Caramel tea,
277986,2018-04-29 01:51:59.375304 UTC,325575,done,65000.0,1.0,cod,1292,2,Caramel tea,
270426,2018-04-23 13:07:20.912811 UTC,187764,done,65000.0,1.0,cod,1292,2,Caramel tea,
268393,2018-04-23 01:20:33.402602 UTC,125801,done,65000.0,1.0,cod,1292,2,Caramel tea,
248336,2018-04-08 05:14:14.363583 UTC,134270,done,65000.0,1.0,cod,1292,2,Caramel tea,
260646,2018-04-18 00:52:06.212444 UTC,28824,done,65000.0,1.0,cod,1292,2,Caramel tea,
246227,2018-04-06 07:18:22.737107 UTC,40824,done,65000.0,1.0,cod,1292,2,Caramel tea,
258769,2018-04-16 06:42:14.410835 UTC,80463,done,65000.0,1.0,cod,1292,2,Caramel tea,
253095,2018-04-11 08:01:40.501207 UTC,186677,done,65000.0,1.0,cod,1292,2,Caramel tea,
246625,2018-04-06 11:27:36.686011 UTC,187764,done,65000.0,1.0,cod,1292,2,Caramel tea,
243035,2018-04-04 07:22:07.378474 UTC,141928,done,65000.0,1.0,cod,1292,2,Caramel tea,
263995,2018-04-20 00:11:14.826016 UTC,28824,done,65000.0,1.0,cod,1292,2,Caramel tea,
242340,2018-04-04 02:58:55.910190 UTC,79524,done,65000.0,1.0,cod,1292,2,Caramel tea,
250249,2018-04-09 07:39:02.990728 UTC,267458,done,65000.0,1.0,cod,1292,2,Caramel tea,
272041,2018-04-25 01:41:27.270539 UTC,260201,done,65000.0,1.0,cod,1292,2,Caramel tea,
245693,2018-04-06 04:06:05.576843 UTC,192861,done,65000.0,1.0,cod,1292,2,Caramel tea,
257207,2018-04-15 01:12:54.668731 UTC,82919,done,65000.0,1.0,cod,1292,2,Caramel tea,
242161,2018-04-04 01:27:44.550242 UTC,96403,done,65000.0,2.0,cod,1292,2,Caramel tea,
238631,2018-04-01 05:55:13.322111 UTC,204001,done,65000.0,2.0,cod,1292,2,Caramel tea,
274912,2018-04-27 00:40:55.678256 UTC,28824,done,65000.0,2.0,cod,1292,2,Caramel tea,
270811,2018-04-24 02:17:28.737583 UTC,50127,done,65000.0,2.0,cod,1292,2,Caramel tea,
253615,2018-04-12 02:06:26.839072 UTC,44544,done,55000.0,1.0,cod,1293,2,Caramel tea,
244945,2018-04-05 11:19:28.365788 UTC,291153,done,55000.0,1.0,cod,1293,2,Caramel tea,
271628,2018-04-24 08:02:31.81181 UTC,259523,done,55000.0,1.0,cod,1293,2,Caramel tea,
246360,2018-04-06 08:04:00.81096 UTC,295533,done,55000.0,1.0,cod,1293,2,Caramel tea,
277213,2018-04-28 03:02:46.1803 UTC,145537,cancel,35000.0,1.0,cod,14,2,Hot Espresso,
264648,2018-04-20 04:30:24.38816 UTC,51160,cancel,35000.0,1.0,cod,14,2,Hot Espresso,
264197,2018-04-20 01:57:55.220637 UTC,213672,done,29000.0,1.0,cod,1555,2,Chocolate Gift Box,
270237,2018-04-23 11:14:23.161655 UTC,330824,done,29000.0,1.0,cod,1555,2,Chocolate Gift Box,
275990,2018-04-27 05:41:06.793194 UTC,336812,done,29000.0,1.0,cod,1555,2,Chocolate Gift Box,
275983,2018-04-27 05:39:01.702012 UTC,336812,done,29000.0,1.0,cod,1555,2,Chocolate Gift Box,
248700,2018-04-08 10:23:15.360019 UTC,107833,done,29000.0,1.0,cod,1555,2,Chocolate Gift Box,
257001,2018-04-14 10:43:23.721438 UTC,4309,done,29000.0,1.0,cod,1555,2,Chocolate Gift Box,
275985,2018-04-27 05:39:52.157665 UTC,336812,done,29000.0,1.0,cod,1555,2,Chocolate Gift Box,
258021,2018-04-16 00:27:34.597362 UTC,92687,done,29000.0,1.0,cod,1555,2,Chocolate Gift Box,
250445,2018-04-09 08:53:47.768554 UTC,271980,done,29000.0,1.0,cod,1555,2,Chocolate Gift Box,
278032,2018-04-29 02:31:26.173328 UTC,139614,done,29000.0,1.0,cod,1555,2,Chocolate Gift Box,
275952,2018-04-27 05:37:43.880162 UTC,336812,done,29000.0,1.0,cod,1555,2,Chocolate Gift Box,
246804,2018-04-07 00:53:12.468359 UTC,174184,done,29000.0,1.0,cod,1555,2,Chocolate Gift Box,
267825,2018-04-22 07:47:14.82846 UTC,211368,done,29000.0,1.0,cod,1555,2,Chocolate Gift Box,
263742,2018-04-19 10:40:47.889465 UTC,174759,done,25000.0,1.0,cod,1556,2,Apple Cheese Mouse & chocolate,
271493,2018-04-24 07:15:00.917779 UTC,238389,cancel,25000.0,1.0,cod,1556,2,Apple Cheese Mouse & chocolate,
274370,2018-04-26 07:15:56.50124 UTC,267458,done,25000.0,1.0,cod,1556,2,Apple Cheese Mouse & chocolate,
278583,2018-04-29 16:07:51.76233 UTC,336812,done,25000.0,1.0,cod,1556,2,Apple Cheese Mouse & chocolate,
267612,2018-04-22 05:03:17.957340 UTC,298824,done,25000.0,1.0,cod,1556,2,Apple Cheese Mouse & chocolate,
242048,2018-04-03 12:49:30.862054 UTC,68395,done,25000.0,1.0,cod,1556,2,Apple Cheese Mouse & chocolate,
265810,2018-04-20 12:56:07.561489 UTC,110990,cancel,25000.0,1.0,cod,1556,2,Apple Cheese Mouse & chocolate,
260129,2018-04-17 07:16:17.322163 UTC,325010,done,25000.0,1.0,cod,1556,2,Apple Cheese Mouse & chocolate,
265598,2018-04-20 09:47:21.497101 UTC,317976,done,25000.0,1.0,cod,1556,2,Apple Cheese Mouse & chocolate,
274757,2018-04-26 12:18:06.953883 UTC,278400,done,25000.0,1.0,cod,1556,2,Apple Cheese Mouse & chocolate,
274755,2018-04-26 12:16:36.955898 UTC,278400,done,25000.0,1.0,cod,1556,2,Apple Cheese Mouse & chocolate,
274764,2018-04-26 12:22:14.41065 UTC,278400,done,25000.0,1.0,cod,1556,2,Apple Cheese Mouse & chocolate,
262486,2018-04-19 01:56:10.433245 UTC,100910,cancel,25000.0,1.0,cod,1556,2,Apple Cheese Mouse & chocolate,
257627,2018-04-15 06:57:43.584622 UTC,67516,done,25000.0,1.0,cod,1556,2,Apple Cheese Mouse & chocolate,
272787,2018-04-25 07:39:43.741514 UTC,271458,done,25000.0,1.0,cod,1556,2,Apple Cheese Mouse & chocolate,
268109,2018-04-22 11:58:22.934317 UTC,286898,cancel,25000.0,2.0,cod,1556,2,Apple Cheese Mouse & chocolate,
244456,2018-04-05 06:48:45.1884 UTC,164188,done,5000.0,1.0,cod,539,2,Đào Ngâm,
247813,2018-04-07 11:35:57.321534 UTC,134766,done,5000.0,1.0,cod,539,2,Đào Ngâm,
260016,2018-04-17 06:43:02.560360 UTC,323743,done,5000.0,3.0,cod,539,2,Đào Ngâm,
266784,2018-04-21 07:45:45.361276 UTC,323743,done,5000.0,4.0,cod,539,2,Đào Ngâm,
276552,2018-04-27 08:12:53.366565 UTC,323743,done,5000.0,4.0,cod,539,2,Đào Ngâm,
265097,2018-04-20 06:47:51.940990 UTC,323743,done,5000.0,4.0,cod,539,2,Đào Ngâm,
274035,2018-04-26 05:48:38.159821 UTC,323743,done,5000.0,4.0,cod,539,2,Đào Ngâm,
260000,2018-04-17 06:37:15.812463 UTC,279871,done,42000.0,11.0,cod,28,2,Specia Drink Kiwi Tea,
268721,2018-04-23 02:57:46.145170 UTC,101626,done,42000.0,3.0,cod,28,2,Specia Drink Kiwi Tea,
254232,2018-04-12 06:59:20.891973 UTC,74211,done,42000.0,3.0,cod,28,2,Specia Drink Kiwi Tea,
271634,2018-04-24 08:07:34.575841 UTC,119637,done,42000.0,3.0,cod,28,2,Specia Drink Kiwi Tea,
250273,2018-04-09 07:47:28.63400 UTC,292358,done,42000.0,3.0,cod,28,2,Specia Drink Kiwi Tea,
245084,2018-04-05 14:49:33.708301 UTC,109936,cancel,42000.0,3.0,cod,28,2,Specia Drink Kiwi Tea,
251930,2018-04-10 09:06:20.52982 UTC,132416,done,42000.0,3.0,cod,28,2,Specia Drink Kiwi Tea,
240389,2018-04-02 08:59:45.887658 UTC,28619,done,42000.0,3.0,cod,28,2,Specia Drink Kiwi Tea,
265318,2018-04-20 07:39:14.512491 UTC,307703,done,42000.0,3.0,cod,28,2,Specia Drink Kiwi Tea,
245083,2018-04-05 14:48:07.347859 UTC,109936,cancel,42000.0,3.0,cod,28,2,Specia Drink Kiwi Tea,
269788,2018-04-23 07:54:04.310803 UTC,79191,done,42000.0,3.0,cod,28,2,Specia Drink Kiwi Tea,
252107,2018-04-10 13:12:19.138690 UTC,122672,done,42000.0,3.0,cod,28,2,Specia Drink Kiwi Tea,
248639,2018-04-08 09:07:10.841036 UTC,199800,done,42000.0,3.0,cod,28,2,Specia Drink Kiwi Tea,
259822,2018-04-17 05:34:36.824490 UTC,234361,done,42000.0,3.0,cod,28,2,Specia Drink Kiwi Tea,
256684,2018-04-14 06:39:56.349535 UTC,136977,done,42000.0,3.0,cod,28,2,Specia Drink Kiwi Tea,
265141,2018-04-20 06:56:44.62641 UTC,279871,done,42000.0,8.0,cod,28,2,Specia Drink Kiwi Tea,
276463,2018-04-27 07:42:13.14663 UTC,279871,done,42000.0,8.0,cod,28,2,Specia Drink Kiwi Tea,
239871,2018-04-02 06:19:12.895387 UTC,179454,done,42000.0,8.0,cod,28,2,Specia Drink Kiwi Tea,
253987,2018-04-12 05:53:14.507579 UTC,259039,cancel,65000.0,1.0,cod,1280,3,Fresh Orange Juice,
271542,2018-04-24 07:31:31.159180 UTC,102089,done,65000.0,1.0,cod,1280,3,Fresh Orange Juice,
259236,2018-04-16 13:08:19.829316 UTC,78173,done,65000.0,1.0,cod,1280,3,Fresh Orange Juice,
252610,2018-04-11 04:26:51.710844 UTC,195428,done,65000.0,1.0,cod,1280,3,Fresh Orange Juice,
255149,2018-04-13 03:35:27.960451 UTC,129373,done,65000.0,1.0,cod,1280,3,Fresh Orange Juice,
244446,2018-04-05 06:45:08.436638 UTC,208724,done,65000.0,1.0,cod,1280,3,Fresh Orange Juice,
241447,2018-04-03 06:37:58.378201 UTC,129373,done,65000.0,2.0,cod,1280,3,Fresh Orange Juice,
242999,2018-04-04 07:08:08.317719 UTC,129373,done,65000.0,2.0,cod,1280,3,Fresh Orange Juice,
261756,2018-04-18 07:38:52.964425 UTC,67706,done,65000.0,2.0,cod,1280,3,Fresh Orange Juice,
268486,2018-04-23 01:47:46.605699 UTC,259039,done,25000.0,1.0,cod,1284,3,Pork grilled cake,
275120,2018-04-27 01:44:57.206609 UTC,120980,done,25000.0,1.0,cod,1284,3,Pork grilled cake,
245638,2018-04-06 03:31:20.673412 UTC,286697,done,25000.0,1.0,cod,1284,3,Pork grilled cake,
266267,2018-04-21 03:22:01.539792 UTC,120980,done,25000.0,1.0,cod,1284,3,Pork grilled cake,
263741,2018-04-19 10:39:26.619402 UTC,224592,done,25000.0,1.0,cod,1284,3,Pork grilled cake,
266991,2018-04-21 10:47:04.335376 UTC,325120,done,25000.0,1.0,cod,1284,3,Pork grilled cake,
251395,2018-04-10 05:20:10.703414 UTC,275320,done,25000.0,1.0,cod,1284,3,Pork grilled cake,
269170,2018-04-23 06:07:29.135249 UTC,137095,done,25000.0,1.0,cod,1284,3,Pork grilled cake,
271818,2018-04-24 11:03:43.446783 UTC,243663,done,25000.0,1.0,cod,1284,3,Pork grilled cake,
251253,2018-04-10 03:31:15.312986 UTC,109909,done,25000.0,1.0,cod,1284,3,Pork grilled cake,
262130,2018-04-18 12:11:00.368872 UTC,322003,cancel,25000.0,1.0,cod,1284,3,Pork grilled cake,
247194,2018-04-07 04:26:38.366756 UTC,206356,cancel,25000.0,1.0,cod,1284,3,Pork grilled cake,
262558,2018-04-19 02:15:29.610139 UTC,319127,done,25000.0,1.0,cod,1284,3,Pork grilled cake,
262133,2018-04-18 12:11:19.207825 UTC,322003,cancel,25000.0,1.0,cod,1284,3,Pork grilled cake,
276481,2018-04-27 07:49:08.767012 UTC,226192,cancel,25000.0,1.0,cod,1284,3,Pork grilled cake,
258233,2018-04-16 02:20:16.212215 UTC,206356,done,25000.0,1.0,cod,1284,3,Pork grilled cake,
269201,2018-04-23 06:13:07.671369 UTC,103476,done,39000.0,1.0,cod,11,3,Americano (hot),
265990,2018-04-21 01:11:43.696824 UTC,259760,done,55000.0,1.0,cod,1291,3,Caramel tea,
268359,2018-04-23 01:07:06.630743 UTC,146047,done,55000.0,1.0,cod,1291,3,Caramel tea,
259003,2018-04-16 08:25:48.216568 UTC,146047,done,55000.0,1.0,cod,1291,3,Caramel tea,
255322,2018-04-13 05:29:39.390373 UTC,222329,done,55000.0,1.0,cod,1291,3,Caramel tea,
266703,2018-04-21 07:02:05.235466 UTC,37587,done,55000.0,1.0,cod,1291,3,Caramel tea,
261704,2018-04-18 07:22:45.533073 UTC,109504,done,55000.0,1.0,cod,1291,3,Caramel tea,
262357,2018-04-19 01:15:22.552271 UTC,146047,done,55000.0,1.0,cod,1291,3,Caramel tea,
264111,2018-04-20 01:26:46.662234 UTC,146047,done,55000.0,1.0,cod,1291,3,Caramel tea,
264474,2018-04-20 03:24:14.765985 UTC,291822,done,55000.0,1.0,cod,1291,3,Caramel tea,
277617,2018-04-28 08:09:25.914993 UTC,146047,done,55000.0,1.0,cod,1291,3,Caramel tea,
272440,2018-04-25 04:27:50.232180 UTC,146047,done,55000.0,1.0,cod,1291,3,Caramel tea,
260745,2018-04-18 01:29:54.696553 UTC,146047,done,55000.0,1.0,cod,1291,3,Caramel tea,
259384,2018-04-17 01:20:37.932887 UTC,146047,done,55000.0,1.0,cod,1291,3,Caramel tea,
272813,2018-04-25 07:52:46.83054 UTC,205541,done,55000.0,1.0,cod,1291,3,Caramel tea,
257834,2018-04-15 10:46:28.706590 UTC,319101,cancel,55000.0,1.0,cod,1291,3,Caramel tea,
273366,2018-04-26 01:09:49.918652 UTC,267634,done,55000.0,1.0,cod,1291,3,Caramel tea,
240101,2018-04-02 07:11:17.250142 UTC,208308,done,55000.0,1.0,cod,1291,3,Caramel tea,
257218,2018-04-15 01:25:20.129987 UTC,146047,done,55000.0,1.0,cod,1291,3,Caramel tea,
263320,2018-04-19 07:08:39.260527 UTC,5446,done,55000.0,1.0,cod,1291,3,Caramel tea,
263442,2018-04-19 07:51:51.224495 UTC,290952,done,55000.0,1.0,cod,1291,3,Caramel tea,
272346,2018-04-25 03:57:04.705090 UTC,146047,cancel,55000.0,1.0,cod,1291,3,Caramel tea,
248918,2018-04-09 00:35:43.686975 UTC,108678,done,65000.0,1.0,cod,1292,3,Caramel tea,
252165,2018-04-11 00:18:44.796199 UTC,108678,done,65000.0,1.0,cod,1292,3,Caramel tea,
241421,2018-04-03 06:33:12.511267 UTC,5446,done,65000.0,1.0,cod,1292,3,Caramel tea,
259308,2018-04-17 00:23:33.279711 UTC,108678,done,65000.0,1.0,cod,1292,3,Caramel tea,
256517,2018-04-14 04:59:01.790455 UTC,319101,cancel,65000.0,1.0,cod,1292,3,Caramel tea,
251173,2018-04-10 02:42:36.207346 UTC,299466,done,65000.0,1.0,cod,1292,3,Caramel tea,
274968,2018-04-27 01:02:17.358724 UTC,108678,done,65000.0,1.0,cod,1292,3,Caramel tea,
271456,2018-04-24 07:04:00.47296 UTC,5446,done,65000.0,1.0,cod,1292,3,Caramel tea,
255066,2018-04-13 02:46:58.448462 UTC,5446,done,65000.0,1.0,cod,1292,3,Caramel tea,
245091,2018-04-05 17:59:15.180051 UTC,108678,done,65000.0,1.0,cod,1292,3,Caramel tea,
247400,2018-04-07 06:19:48.492132 UTC,276320,done,65000.0,1.0,cod,1292,3,Caramel tea,
242913,2018-04-04 06:47:02.566586 UTC,206539,done,65000.0,1.0,cod,1292,3,Caramel tea,
250840,2018-04-10 00:55:42.872465 UTC,108678,done,65000.0,1.0,cod,1292,3,Caramel tea,
239183,2018-04-02 01:04:42.424345 UTC,267634,done,65000.0,1.0,cod,1292,3,Caramel tea,
270639,2018-04-24 01:15:25.941545 UTC,146047,done,65000.0,1.0,cod,1292,3,Caramel tea,
273923,2018-04-26 05:01:58.717559 UTC,46832,done,65000.0,1.0,cod,1292,3,Caramel tea,
264195,2018-04-20 01:57:19.417206 UTC,16720,done,65000.0,1.0,cod,1292,3,Caramel tea,
260688,2018-04-18 01:10:08.677228 UTC,108678,done,65000.0,1.0,cod,1292,3,Caramel tea,
255719,2018-04-13 08:02:11.693044 UTC,122529,done,55000.0,1.0,cod,1293,3,Caramel tea,
256272,2018-04-14 02:24:36.632585 UTC,200288,done,55000.0,1.0,cod,1293,3,Caramel tea,
269762,2018-04-23 07:49:12.734849 UTC,111703,done,29000.0,1.0,cod,1555,3,Chocolate Gift Box,
265262,2018-04-20 07:26:54.180400 UTC,271421,cancel,29000.0,1.0,cod,1555,3,Chocolate Gift Box,
266059,2018-04-21 01:46:10.610207 UTC,205541,done,25000.0,1.0,cod,1556,3,Apple Cheese Mouse & chocolate,
270071,2018-04-23 09:39:51.249504 UTC,205633,done,25000.0,1.0,cod,1556,3,Apple Cheese Mouse & chocolate,
255973,2018-04-13 12:35:33.353384 UTC,316186,done,25000.0,1.0,cod,1556,3,Apple Cheese Mouse & chocolate,
264831,2018-04-20 05:33:08.176709 UTC,173000,done,25000.0,1.0,cod,1556,3,Apple Cheese Mouse & chocolate,
265746,2018-04-20 12:12:50.28804 UTC,316186,done,25000.0,1.0,cod,1556,3,Apple Cheese Mouse & chocolate,
241915,2018-04-03 10:28:29.276710 UTC,296601,done,5000.0,1.0,cod,279,3,Whipping cream,
259732,2018-04-17 04:34:52.438890 UTC,62499,done,5000.0,1.0,cod,539,3,Đào Ngâm,
255298,2018-04-13 05:19:33.850247 UTC,98597,done,5000.0,1.0,cod,539,3,Đào Ngâm,
248304,2018-04-08 04:49:53.311723 UTC,62499,done,5000.0,1.0,cod,539,3,Đào Ngâm,
261296,2018-04-18 05:19:46.672202 UTC,62499,done,5000.0,1.0,cod,539,3,Đào Ngâm,
253684,2018-04-12 02:35:09.910507 UTC,237243,done,42000.0,3.0,cod,28,3,Specia Drink Kiwi Tea,
262710,2018-04-19 03:11:26.27159 UTC,194115,done,42000.0,3.0,cod,28,3,Specia Drink Kiwi Tea,
267591,2018-04-22 04:55:13.967557 UTC,61875,done,42000.0,3.0,cod,28,3,Specia Drink Kiwi Tea,
263117,2018-04-19 06:16:30.583936 UTC,197539,done,42000.0,3.0,cod,28,3,Specia Drink Kiwi Tea,
245629,2018-04-06 03:27:00.420058 UTC,286697,cancel,42000.0,3.0,cod,28,3,Specia Drink Kiwi Tea,
259600,2018-04-17 02:59:21.210908 UTC,197539,done,42000.0,3.0,cod,28,3,Specia Drink Kiwi Tea,
265289,2018-04-20 07:34:33.256102 UTC,209780,done,42000.0,3.0,cod,28,3,Specia Drink Kiwi Tea,
269761,2018-04-23 07:48:42.700606 UTC,70194,done,65000.0,1.0,cod,1280,4,Fresh Orange Juice,
250051,2018-04-09 06:55:01.964475 UTC,88294,done,65000.0,2.0,cod,1280,4,Fresh Orange Juice,
256061,2018-04-14 00:23:33.265406 UTC,224818,done,25000.0,1.0,cod,1284,4,Pork grilled cake,
267215,2018-04-22 00:58:39.226459 UTC,22831,done,25000.0,1.0,cod,1284,4,Pork grilled cake,
264797,2018-04-20 05:24:57.752724 UTC,317310,cancel,25000.0,1.0,cod,1284,4,Pork grilled cake,
264798,2018-04-20 05:25:25.117713 UTC,317310,cancel,25000.0,1.0,cod,1284,4,Pork grilled cake,
250347,2018-04-09 08:11:00.354663 UTC,225143,done,25000.0,1.0,cod,1284,4,Pork grilled cake,
271582,2018-04-24 07:45:35.172682 UTC,225143,done,25000.0,1.0,cod,1284,4,Pork grilled cake,
270202,2018-04-23 10:56:05.521765 UTC,270051,done,25000.0,1.0,cod,1284,4,Pork grilled cake,
276285,2018-04-27 06:38:29.681973 UTC,275087,done,25000.0,2.0,cod,1284,4,Pork grilled cake,
272613,2018-04-25 06:12:35.212408 UTC,280153,done,39000.0,1.0,cod,11,4,Americano (hot),
275424,2018-04-27 03:21:15.304841 UTC,41792,done,55000.0,1.0,cod,1291,4,Caramel tea,
265967,2018-04-21 00:57:17.976360 UTC,79807,done,55000.0,1.0,cod,1291,4,Caramel tea,
253648,2018-04-12 02:21:20.856893 UTC,25146,done,65000.0,1.0,cod,1292,4,Caramel tea,
271045,2018-04-24 04:27:08.880928 UTC,94144,cancel,65000.0,1.0,cod,1292,4,Caramel tea,
247835,2018-04-07 12:03:01.634068 UTC,162786,done,65000.0,1.0,cod,1292,4,Caramel tea,
252057,2018-04-10 12:15:14.412618 UTC,162786,cancel,65000.0,1.0,cod,1292,4,Caramel tea,
268615,2018-04-23 02:20:56.619604 UTC,25146,done,65000.0,1.0,cod,1292,4,Caramel tea,
254580,2018-04-12 10:33:47.931013 UTC,281893,done,65000.0,1.0,cod,1292,4,Caramel tea,
259668,2018-04-17 03:39:30.638419 UTC,63286,done,65000.0,1.0,cod,1292,4,Caramel tea,
262584,2018-04-19 02:22:54.341763 UTC,25146,done,65000.0,1.0,cod,1292,4,Caramel tea,
240968,2018-04-03 03:02:32.265715 UTC,47583,done,65000.0,1.0,cod,1292,4,Caramel tea,
266507,2018-04-21 05:29:36.315993 UTC,225143,done,65000.0,1.0,cod,1292,4,Caramel tea,
239951,2018-04-02 06:37:30.498217 UTC,94144,done,65000.0,1.0,cod,1292,4,Caramel tea,
253412,2018-04-12 00:02:43.955055 UTC,281893,done,65000.0,2.0,cod,1292,4,Caramel tea,
254754,2018-04-13 00:26:27.934781 UTC,281893,done,65000.0,2.0,cod,1292,4,Caramel tea,
270558,2018-04-24 00:08:18.988110 UTC,281893,done,65000.0,2.0,cod,1292,4,Caramel tea,
240665,2018-04-03 00:12:00.509540 UTC,281893,done,65000.0,2.0,cod,1292,4,Caramel tea,
245104,2018-04-06 00:05:38.83098 UTC,281893,done,65000.0,2.0,cod,1292,4,Caramel tea,
277916,2018-04-29 00:17:13.319140 UTC,281893,done,65000.0,2.0,cod,1292,4,Caramel tea,
239149,2018-04-02 00:12:47.463818 UTC,281893,done,65000.0,2.0,cod,1292,4,Caramel tea,
273282,2018-04-26 00:08:24.119177 UTC,281893,done,65000.0,2.0,cod,1292,4,Caramel tea,
248907,2018-04-09 00:05:42.217481 UTC,281893,done,65000.0,2.0,cod,1292,4,Caramel tea,
268281,2018-04-23 00:03:24.750245 UTC,281893,done,65000.0,2.0,cod,1292,4,Caramel tea,
262280,2018-04-19 00:07:16.776554 UTC,281893,done,65000.0,2.0,cod,1292,4,Caramel tea,
242113,2018-04-03 23:56:51.142207 UTC,281893,done,65000.0,2.0,cod,1292,4,Caramel tea,
258008,2018-04-16 00:01:21.450071 UTC,281893,done,65000.0,2.0,cod,1292,4,Caramel tea,
267199,2018-04-22 00:30:01.750628 UTC,281893,done,65000.0,2.0,cod,1292,4,Caramel tea,
242282,2018-04-04 02:48:57.48015 UTC,79807,done,55000.0,1.0,cod,1293,4,Caramel tea,
275424,2018-04-27 03:21:15.304841 UTC,41792,done,55000.0,2.0,cod,1293,4,Caramel tea,
278531,2018-04-29 12:39:02.916775 UTC,281893,done,5000.0,2.0,cod,275,4,SYRUP Caramel,
254788,2018-04-13 00:55:44.17875 UTC,294991,cancel,29000.0,1.0,cod,1555,4,Chocolate Gift Box,
265952,2018-04-21 00:50:02.209796 UTC,105984,done,29000.0,1.0,cod,1555,4,Chocolate Gift Box,
271103,2018-04-24 05:09:36.367109 UTC,331839,done,29000.0,1.0,cod,1555,4,Chocolate Gift Box,
265646,2018-04-20 10:36:34.437569 UTC,28811,done,29000.0,1.0,cod,1555,4,Chocolate Gift Box,
252507,2018-04-11 03:13:22.487927 UTC,167935,done,29000.0,1.0,cod,1555,4,Chocolate Gift Box,
256680,2018-04-14 06:37:47.664570 UTC,303380,done,25000.0,1.0,cod,1556,4,Apple Cheese Mouse & chocolate,
260412,2018-04-17 09:42:00.149286 UTC,225143,done,25000.0,1.0,cod,1556,4,Apple Cheese Mouse & chocolate,
250347,2018-04-09 08:11:00.354663 UTC,225143,done,25000.0,1.0,cod,1556,4,Apple Cheese Mouse & chocolate,
265918,2018-04-21 00:18:02.497281 UTC,105984,cancel,25000.0,1.0,cod,1556,4,Apple Cheese Mouse & chocolate,
271103,2018-04-24 05:09:36.367109 UTC,331839,done,25000.0,1.0,cod,1556,4,Apple Cheese Mouse & chocolate,
273103,2018-04-25 11:48:30.438543 UTC,203924,done,25000.0,1.0,cod,1556,4,Apple Cheese Mouse & chocolate,
248798,2018-04-08 12:10:04.753901 UTC,225143,done,25000.0,1.0,cod,1556,4,Apple Cheese Mouse & chocolate,
248798,2018-04-08 12:10:04.753901 UTC,225143,done,25000.0,1.0,cod,1556,4,Apple Cheese Mouse & chocolate,
273082,2018-04-25 11:33:37.713050 UTC,203924,cancel,25000.0,1.0,cod,1556,4,Apple Cheese Mouse & chocolate,
271769,2018-04-24 09:47:29.325906 UTC,92557,done,5000.0,1.0,cod,279,4,Whipping cream,
248022,2018-04-08 01:29:32.459435 UTC,4392,done,5000.0,2.0,cod,539,4,Đào Ngâm,
272236,2018-04-25 03:18:12.545095 UTC,181342,done,5000.0,2.0,cod,539,4,Đào Ngâm,
241849,2018-04-03 09:23:44.757191 UTC,4392,done,5000.0,2.0,cod,539,4,Đào Ngâm,
255407,2018-04-13 06:13:41.442648 UTC,41705,cancel,42000.0,17.0,cod,28,4,Specia Drink Kiwi Tea,
275580,2018-04-27 04:14:34.939529 UTC,131426,done,42000.0,17.0,cod,28,4,Specia Drink Kiwi Tea,
255440,2018-04-13 06:23:36.935175 UTC,41705,cancel,42000.0,17.0,cod,28,4,Specia Drink Kiwi Tea,
242195,2018-04-04 02:11:30.376391 UTC,210689,done,42000.0,3.0,cod,28,4,Specia Drink Kiwi Tea,
252126,2018-04-10 13:33:32.149307 UTC,27553,done,42000.0,3.0,cod,28,4,Specia Drink Kiwi Tea,
242187,2018-04-04 02:05:29.272519 UTC,14519,done,42000.0,3.0,cod,28,4,Specia Drink Kiwi Tea,
251260,2018-04-10 03:35:32.51949 UTC,305350,cancel,42000.0,3.0,cod,28,4,Specia Drink Kiwi Tea,
269741,2018-04-23 07:45:14.568476 UTC,158685,done,42000.0,3.0,cod,28,4,Specia Drink Kiwi Tea,
275457,2018-04-27 03:36:23.188910 UTC,51249,cancel,42000.0,3.0,cod,28,4,Specia Drink Kiwi Tea,
265514,2018-04-20 09:04:25.772237 UTC,135367,done,42000.0,3.0,cod,28,4,Specia Drink Kiwi Tea,
251893,2018-04-10 08:37:07.579630 UTC,63286,done,42000.0,3.0,cod,28,4,Specia Drink Kiwi Tea,
271319,2018-04-24 06:31:24.387498 UTC,136704,done,42000.0,3.0,cod,28,4,Specia Drink Kiwi Tea,
269454,2018-04-23 07:01:42.864560 UTC,267773,cancel,42000.0,3.0,cod,28,4,Specia Drink Kiwi Tea,
239013,2018-04-01 11:46:14.736385 UTC,239021,done,25000.0,1.0,cod,1284,5,Pork grilled cake,
265592,2018-04-20 09:46:15.104856 UTC,279374,cancel,25000.0,1.0,cod,1284,5,Pork grilled cake,
268060,2018-04-22 11:14:11.748491 UTC,52922,done,25000.0,1.0,cod,1284,5,Pork grilled cake,
249638,2018-04-09 04:49:30.749338 UTC,41891,done,25000.0,1.0,cod,1284,5,Pork grilled cake,
266839,2018-04-21 08:20:35.463239 UTC,128900,done,25000.0,1.0,cod,1284,5,Pork grilled cake,
264035,2018-04-20 00:56:30.954548 UTC,279374,done,25000.0,1.0,cod,1284,5,Pork grilled cake,
270634,2018-04-24 01:14:04.966191 UTC,195122,done,25000.0,1.0,cod,1284,5,Pork grilled cake,
261952,2018-04-18 09:20:29.467424 UTC,241436,done,25000.0,1.0,cod,1284,5,Pork grilled cake,
257689,2018-04-15 07:51:40.833601 UTC,279374,done,25000.0,1.0,cod,1284,5,Pork grilled cake,
259036,2018-04-16 08:44:09.952894 UTC,6625,done,25000.0,2.0,cod,1284,5,Pork grilled cake,
245872,2018-04-06 05:41:20.847487 UTC,41891,done,25000.0,2.0,cod,1284,5,Pork grilled cake,
277304,2018-04-28 03:53:40.446974 UTC,41891,done,55000.0,1.0,cod,1291,5,Caramel tea,
248239,2018-04-08 04:06:47.387131 UTC,41891,done,55000.0,1.0,cod,1291,5,Caramel tea,
249386,2018-04-09 03:02:40.481583 UTC,88861,done,55000.0,1.0,cod,1291,5,Caramel tea,
256079,2018-04-14 00:43:35.231188 UTC,122225,done,55000.0,1.0,cod,1291,5,Caramel tea,
259665,2018-04-17 03:37:28.155252 UTC,41891,done,55000.0,1.0,cod,1291,5,Caramel tea,
263303,2018-04-19 07:03:22.733961 UTC,122225,done,55000.0,1.0,cod,1291,5,Caramel tea,
255410,2018-04-13 06:14:07.521476 UTC,122225,done,55000.0,1.0,cod,1291,5,Caramel tea,
245872,2018-04-06 05:41:20.847487 UTC,41891,done,55000.0,1.0,cod,1291,5,Caramel tea,
264956,2018-04-20 06:14:50.167125 UTC,122225,done,55000.0,1.0,cod,1291,5,Caramel tea,
269509,2018-04-23 07:08:41.540927 UTC,122225,done,55000.0,1.0,cod,1291,5,Caramel tea,
250959,2018-04-10 01:40:47.215474 UTC,41891,cancel,55000.0,1.0,cod,1291,5,Caramel tea,
275452,2018-04-27 03:35:45.731571 UTC,41891,done,55000.0,1.0,cod,1291,5,Caramel tea,
252807,2018-04-11 06:27:13.825067 UTC,122225,done,55000.0,1.0,cod,1291,5,Caramel tea,
251503,2018-04-10 06:19:55.98833 UTC,122225,done,55000.0,1.0,cod,1291,5,Caramel tea,
252396,2018-04-11 02:14:24.394713 UTC,41891,done,55000.0,2.0,cod,1291,5,Caramel tea,
272399,2018-04-25 04:16:53.837506 UTC,41891,done,65000.0,1.0,cod,1292,5,Caramel tea,
246960,2018-04-07 02:12:56.530489 UTC,67765,done,65000.0,1.0,cod,1292,5,Caramel tea,
258571,2018-04-16 05:34:50.388224 UTC,143607,done,65000.0,1.0,cod,1292,5,Caramel tea,
251239,2018-04-10 03:08:48.229971 UTC,65249,done,65000.0,1.0,cod,1292,5,Caramel tea,
269237,2018-04-23 06:20:33.64095 UTC,143607,done,65000.0,1.0,cod,1292,5,Caramel tea,
267385,2018-04-22 02:49:44.208044 UTC,41891,done,65000.0,1.0,cod,1292,5,Caramel tea,
266372,2018-04-21 04:12:50.791476 UTC,41891,cancel,65000.0,1.0,cod,1292,5,Caramel tea,
267459,2018-04-22 03:33:59.746657 UTC,136400,done,65000.0,1.0,cod,1292,5,Caramel tea,
256139,2018-04-14 01:27:25.422600 UTC,88861,done,65000.0,1.0,cod,1292,5,Caramel tea,
239224,2018-04-02 01:32:03.908560 UTC,132291,cancel,55000.0,1.0,cod,1293,5,Caramel tea,
246877,2018-04-07 01:33:04.962536 UTC,195122,done,29000.0,1.0,cod,1555,5,Chocolate Gift Box,
250820,2018-04-10 00:42:31.189603 UTC,47944,done,29000.0,1.0,cod,1555,5,Chocolate Gift Box,
262834,2018-04-19 04:24:19.943495 UTC,41891,done,25000.0,1.0,cod,1556,5,Apple Cheese Mouse & chocolate,
268556,2018-04-23 02:06:19.116860 UTC,195122,done,25000.0,1.0,cod,1556,5,Apple Cheese Mouse & chocolate,
256788,2018-04-14 07:33:13.47251 UTC,310746,cancel,25000.0,1.0,cod,1556,5,Apple Cheese Mouse & chocolate,
256075,2018-04-14 00:40:06.19891 UTC,310746,cancel,25000.0,1.0,cod,1556,5,Apple Cheese Mouse & chocolate,
270453,2018-04-23 13:23:32.943532 UTC,330000,done,25000.0,1.0,cod,1556,5,Apple Cheese Mouse & chocolate,
272033,2018-04-25 01:36:52.61230 UTC,122225,done,25000.0,1.0,cod,1556,5,Apple Cheese Mouse & chocolate,
256758,2018-04-14 07:16:07.295381 UTC,310746,done,25000.0,1.0,cod,1556,5,Apple Cheese Mouse & chocolate,
278503,2018-04-29 11:52:20.81943 UTC,129318,done,25000.0,1.0,cod,1556,5,Apple Cheese Mouse & chocolate,
260557,2018-04-17 13:08:31.973905 UTC,69476,done,5000.0,1.0,cod,539,5,Đào Ngâm,
248796,2018-04-08 12:07:47.875477 UTC,69476,done,5000.0,1.0,cod,539,5,Đào Ngâm,
277841,2018-04-28 12:52:57.110764 UTC,69476,done,5000.0,1.0,cod,539,5,Đào Ngâm,
269681,2018-04-23 07:36:19.424789 UTC,100813,done,5000.0,3.0,cod,539,5,Đào Ngâm,
278538,2018-04-29 12:54:28.903766 UTC,69476,done,5000.0,2.0,cod,539,5,Đào Ngâm,
273757,2018-04-26 03:29:01.842811 UTC,17226,done,42000.0,3.0,cod,28,5,Specia Drink Kiwi Tea,
266038,2018-04-21 01:36:17.131659 UTC,17226,done,42000.0,3.0,cod,28,5,Specia Drink Kiwi Tea,
269325,2018-04-23 06:38:07.818435 UTC,314108,done,42000.0,3.0,cod,28,5,Specia Drink Kiwi Tea,
273603,2018-04-26 02:26:20.145072 UTC,105148,done,65000.0,1.0,cod,1280,6,Fresh Orange Juice,
245818,2018-04-06 05:26:38.160418 UTC,39973,done,65000.0,1.0,cod,1280,6,Fresh Orange Juice,
255308,2018-04-13 05:24:42.334240 UTC,314042,done,65000.0,2.0,cod,1280,6,Fresh Orange Juice,
242153,2018-04-04 01:17:41.725988 UTC,263077,done,25000.0,1.0,cod,1284,6,Pork grilled cake,
266061,2018-04-21 01:46:54.87968 UTC,49710,done,25000.0,1.0,cod,1284,6,Pork grilled cake,
275101,2018-04-27 01:40:45.291151 UTC,263077,done,25000.0,1.0,cod,1284,6,Pork grilled cake,
247736,2018-04-07 09:52:48.453487 UTC,120744,done,25000.0,2.0,cod,1284,6,Pork grilled cake,
259337,2018-04-17 00:59:44.726414 UTC,263077,done,25000.0,2.0,cod,1284,6,Pork grilled cake,
260666,2018-04-18 01:01:18.220699 UTC,263077,done,25000.0,2.0,cod,1284,6,Pork grilled cake,
262308,2018-04-19 00:51:50.57049 UTC,263077,done,25000.0,2.0,cod,1284,6,Pork grilled cake,
264042,2018-04-20 01:01:32.833503 UTC,263077,done,25000.0,3.0,cod,1284,6,Pork grilled cake,
244575,2018-04-05 07:17:41.963973 UTC,181663,done,55000.0,1.0,cod,1291,6,Caramel tea,
259197,2018-04-16 12:15:41.745025 UTC,288048,done,29000.0,1.0,cod,1555,6,Chocolate Gift Box,
250735,2018-04-09 13:25:17.745643 UTC,292618,cancel,29000.0,1.0,cod,1555,6,Chocolate Gift Box,
278293,2018-04-29 07:08:23.196206 UTC,82766,done,5000.0,2.0,cod,539,6,Đào Ngâm,
273395,2018-04-26 01:17:47.284400 UTC,31925,done,65000.0,1.0,cod,1280,7,Fresh Orange Juice,
251798,2018-04-10 07:52:01.53781 UTC,98558,cancel,25000.0,1.0,cod,1284,7,Pork grilled cake,
252378,2018-04-11 02:08:56.146496 UTC,14635,done,25000.0,1.0,cod,1284,7,Pork grilled cake,
271964,2018-04-24 18:21:39.520351 UTC,289790,done,25000.0,1.0,cod,1284,7,Pork grilled cake,
264184,2018-04-20 01:52:54.158815 UTC,56752,done,25000.0,1.0,cod,1284,7,Pork grilled cake,
267616,2018-04-22 05:09:25.769021 UTC,143715,done,25000.0,1.0,cod,1284,7,Pork grilled cake,
259764,2018-04-17 04:58:05.242237 UTC,98558,done,25000.0,1.0,cod,1284,7,Pork grilled cake,
268140,2018-04-22 12:28:01.223962 UTC,17509,cancel,25000.0,1.0,cod,1284,7,Pork grilled cake,
240853,2018-04-03 02:07:57.7932 UTC,56752,done,25000.0,1.0,cod,1284,7,Pork grilled cake,
270740,2018-04-24 01:51:30.987464 UTC,56752,done,25000.0,1.0,cod,1284,7,Pork grilled cake,
277554,2018-04-28 07:06:41.980171 UTC,12119,done,25000.0,1.0,cod,1284,7,Pork grilled cake,
277838,2018-04-28 12:50:29.318992 UTC,289790,done,25000.0,1.0,cod,1284,7,Pork grilled cake,
266931,2018-04-21 09:20:43.161892 UTC,289790,done,25000.0,1.0,cod,1284,7,Pork grilled cake,
262260,2018-04-18 16:11:18.392195 UTC,289790,cancel,25000.0,2.0,cod,1284,7,Pork grilled cake,
267183,2018-04-21 16:58:09.147936 UTC,289790,done,25000.0,2.0,cod,1284,7,Pork grilled cake,
252042,2018-04-10 11:56:04.467838 UTC,133634,done,55000.0,1.0,cod,1291,7,Caramel tea,
243789,2018-04-05 02:10:54.871877 UTC,176806,done,55000.0,1.0,cod,1291,7,Caramel tea,
250856,2018-04-10 01:07:17.845706 UTC,235092,cancel,55000.0,1.0,cod,1291,7,Caramel tea,
270958,2018-04-24 03:18:40.453259 UTC,111955,done,65000.0,1.0,cod,1292,7,Caramel tea,
278518,2018-04-29 12:16:56.329417 UTC,289790,done,65000.0,1.0,cod,1292,7,Caramel tea,
275884,2018-04-27 05:12:11.866627 UTC,235092,done,65000.0,1.0,cod,1292,7,Caramel tea,
274379,2018-04-26 07:18:23.370781 UTC,289790,done,65000.0,1.0,cod,1292,7,Caramel tea,
250163,2018-04-09 07:17:21.221947 UTC,17482,done,65000.0,1.0,cod,1292,7,Caramel tea,
278040,2018-04-29 02:36:10.857156 UTC,235092,cancel,65000.0,1.0,cod,1292,7,Caramel tea,
266258,2018-04-21 03:16:31.386174 UTC,85739,done,29000.0,1.0,cod,1555,7,Chocolate Gift Box,
275148,2018-04-27 01:52:44.20982 UTC,56752,done,29000.0,1.0,cod,1555,7,Chocolate Gift Box,
266318,2018-04-21 03:51:43.260336 UTC,85739,cancel,29000.0,1.0,cod,1555,7,Chocolate Gift Box,
276766,2018-04-27 11:12:02.585673 UTC,91504,done,25000.0,1.0,cod,1284,8,Pork grilled cake,
247552,2018-04-07 07:33:57.545029 UTC,134911,done,65000.0,1.0,cod,1292,8,Caramel tea,
243825,2018-04-05 02:19:00.585015 UTC,141228,done,55000.0,1.0,cod,1293,8,Caramel tea,
258249,2018-04-16 02:26:49.571256 UTC,141228,cancel,55000.0,1.0,cod,1293,8,Caramel tea,
266168,2018-04-21 02:32:17.688392 UTC,141228,done,55000.0,1.0,cod,1293,8,Caramel tea,
253633,2018-04-12 02:15:31.578893 UTC,141228,done,55000.0,1.0,cod,1293,8,Caramel tea,
245488,2018-04-06 02:36:58.337537 UTC,141228,done,55000.0,1.0,cod,1293,8,Caramel tea,
262698,2018-04-19 03:02:27.87632 UTC,141228,done,55000.0,1.0,cod,1293,8,Caramel tea,
259119,2018-04-16 10:13:33.976288 UTC,141228,done,55000.0,1.0,cod,1293,8,Caramel tea,
256284,2018-04-14 02:28:52.833332 UTC,141228,done,55000.0,1.0,cod,1293,8,Caramel tea,
258250,2018-04-16 02:27:22.960857 UTC,141228,done,55000.0,1.0,cod,1293,8,Caramel tea,
239413,2018-04-02 02:53:06.645599 UTC,141228,done,55000.0,1.0,cod,1293,8,Caramel tea,
242459,2018-04-04 03:39:19.621148 UTC,141228,done,55000.0,2.0,cod,1293,8,Caramel tea,
257233,2018-04-15 01:33:49.732381 UTC,134879,done,29000.0,1.0,cod,1555,8,Chocolate Gift Box,
272682,2018-04-25 06:48:02.316054 UTC,329366,done,29000.0,1.0,cod,1555,8,Chocolate Gift Box,
268200,2018-04-22 13:09:56.958129 UTC,102144,done,25000.0,1.0,cod,1556,8,Apple Cheese Mouse & chocolate,
277011,2018-04-28 01:12:03.547569 UTC,128243,done,42000.0,3.0,cod,28,8,Specia Drink Kiwi Tea,
268116,2018-04-22 12:06:13.92682 UTC,91504,done,42000.0,3.0,cod,28,8,Specia Drink Kiwi Tea,
244395,2018-04-05 06:30:47.573492 UTC,18269,done,65000.0,1.0,cod,1280,9,Fresh Orange Juice,
268823,2018-04-23 03:46:45.393285 UTC,18269,done,65000.0,2.0,cod,1280,9,Fresh Orange Juice,
268197,2018-04-22 13:07:20.650698 UTC,60100,done,25000.0,1.0,cod,1284,9,Pork grilled cake,
252514,2018-04-11 03:15:30.839492 UTC,60100,done,25000.0,1.0,cod,1284,9,Pork grilled cake,
278039,2018-04-29 02:36:10.733817 UTC,67764,done,65000.0,3.0,cod,1292,9,Caramel tea,
258656,2018-04-16 06:12:25.495915 UTC,67764,done,65000.0,1.0,cod,1292,9,Caramel tea,
264198,2018-04-20 01:57:59.874726 UTC,67764,done,65000.0,1.0,cod,1292,9,Caramel tea,
267393,2018-04-22 02:55:00.100859 UTC,67764,done,65000.0,2.0,cod,1292,9,Caramel tea,
269701,2018-04-23 07:39:05.618747 UTC,56221,done,42000.0,3.0,cod,28,9,Specia Drink Kiwi Tea,
265041,2018-04-20 06:36:52.347162 UTC,4344,cancel,25000.0,1.0,cod,1556,10,Apple Cheese Mouse & chocolate,
262512,2018-04-19 02:02:46.668600 UTC,24581,done,25000.0,1.0,cod,1284,11,Pork grilled cake,
252244,2018-04-11 01:19:31.585451 UTC,24581,done,25000.0,1.0,cod,1284,11,Pork grilled cake,
248986,2018-04-09 01:17:55.318854 UTC,39020,done,25000.0,1.0,cod,1284,11,Pork grilled cake,
243685,2018-04-05 01:25:30.845411 UTC,39020,cancel,25000.0,1.0,cod,1284,11,Pork grilled cake,
270621,2018-04-24 01:11:14.162025 UTC,39020,done,25000.0,1.0,cod,1284,11,Pork grilled cake,
268215,2018-04-22 13:20:21.10940 UTC,170506,done,39000.0,1.0,cod,11,11,Americano (hot),
268215,2018-04-22 13:20:21.10940 UTC,170506,done,29000.0,1.0,cod,1555,11,Chocolate Gift Box,
244904,2018-04-05 10:35:20.785695 UTC,54705,done,25000.0,1.0,cod,1556,11,Apple Cheese Mouse & chocolate,
264519,2018-04-20 03:37:30.697740 UTC,54705,done,25000.0,1.0,cod,1556,11,Apple Cheese Mouse & chocolate,
244913,2018-04-05 10:49:27.662291 UTC,54705,done,5000.0,1.0,cod,279,11,Whipping cream,
253792,2018-04-12 03:37:32.451502 UTC,54705,done,5000.0,1.0,cod,279,11,Whipping cream,
277775,2018-04-28 11:20:35.521840 UTC,54705,done,5000.0,1.0,cod,279,11,Whipping cream,
272516,2018-04-25 05:08:26.903577 UTC,54705,done,5000.0,1.0,cod,279,11,Whipping cream,
264519,2018-04-20 03:37:30.697740 UTC,54705,done,5000.0,1.0,cod,279,11,Whipping cream,
271507,2018-04-24 07:18:44.883226 UTC,10984,cancel,42000.0,3.0,cod,28,11,Specia Drink Kiwi Tea,
266363,2018-04-21 04:09:56.913504 UTC,125414,cancel,35000.0,1.0,cod,14,13,Hot Espresso,
266346,2018-04-21 04:00:19.323316 UTC,125414,cancel,35000.0,1.0,cod,14,13,Hot Espresso,
274839,2018-04-26 13:46:51.699139 UTC,304315,done,29000.0,1.0,cod,1555,13,Chocolate Gift Box,
262040,2018-04-18 10:40:08.547301 UTC,97004,done,5000.0,3.0,cod,539,13,Đào Ngâm,
275783,2018-04-27 04:49:39.152004 UTC,97004,done,5000.0,2.0,cod,539,13,Đào Ngâm,
247346,2018-04-07 05:52:48.178273 UTC,97004,done,5000.0,2.0,cod,539,13,Đào Ngâm,
269920,2018-04-23 08:27:02.60547 UTC,97004,cancel,5000.0,2.0,cod,539,13,Đào Ngâm,
253957,2018-04-12 05:33:26.699548 UTC,97004,done,5000.0,2.0,cod,539,13,Đào Ngâm,
247852,2018-04-07 12:21:21.660335 UTC,77174,done,65000.0,1.0,cod,1280,49,Fresh Orange Juice,
276922,2018-04-27 14:04:30.547783 UTC,77174,done,65000.0,2.0,cod,1280,49,Fresh Orange Juice,
254075,2018-04-12 06:19:17.605116 UTC,77174,done,65000.0,1.0,cod,1292,49,Caramel tea,
255817,2018-04-13 09:01:29.70638 UTC,77174,done,65000.0,1.0,cod,1292,49,Caramel tea,
274321,2018-04-26 07:03:32.326183 UTC,77174,done,65000.0,1.0,cod,1292,49,Caramel tea,
259898,2018-04-17 06:10:08.800332 UTC,77174,done,65000.0,1.0,cod,1292,49,Caramel tea,
238921,2018-04-01 09:57:39.271371 UTC,77174,done,5000.0,2.0,cod,539,49,Đào Ngâm,
258375,2018-04-16 03:22:22.76974 UTC,255949,cancel,38000.0,2.0,clingme,283,46,ComBo 49K,success
243196,2018-04-04 08:06:15.258804 UTC,268709,done,35000.0,1.0,clingme,14,2,Hot Espresso,success
257426,2018-04-15 04:09:15.337023 UTC,63924,done,65000.0,1.0,online_payment,1280,12,Fresh Orange Juice,success
240380,2018-04-02 08:56:13.325642 UTC,94497,cancel,25000.0,1.0,online_payment,1284,12,Pork grilled cake,
260803,2018-04-18 01:54:32.442351 UTC,294587,cancel,65000.0,2.0,online_payment,1292,22,Caramel tea,
260802,2018-04-18 01:54:24.92770 UTC,294587,cancel,65000.0,2.0,online_payment,1292,22,Caramel tea,
277468,2018-04-28 06:17:58.555942 UTC,56727,cancel,25000.0,1.0,online_payment,1556,24,Apple Cheese Mouse & chocolate,
277466,2018-04-28 06:17:27.630950 UTC,56727,cancel,25000.0,1.0,online_payment,1556,24,Apple Cheese Mouse & chocolate,
277480,2018-04-28 06:28:11.928227 UTC,56727,cancel,25000.0,1.0,online_payment,1556,24,Apple Cheese Mouse & chocolate,
247775,2018-04-07 10:46:34 UTC,129416,done,42000.0,1.0,online_payment,28,19,Specia Drink Kiwi Tea,
247779,2018-04-07 10:51:09 UTC,392565,done,65000.0,1.0,online_payment,1280,1,Fresh Orange Juice,
261733,2018-04-18 07:30:43 UTC,392565,done,65000.0,1.0,online_payment,1280,1,Fresh Orange Juice,
260368,2018-04-17 09:04:48.726829 UTC,117351,done,65000.0,1.0,online_payment,1280,1,Fresh Orange Juice,success
269111,2018-04-23 05:51:10.970030 UTC,297057,cancel,65000.0,1.0,online_payment,1280,1,Fresh Orange Juice,
277221,2018-04-28 03:05:58.452015 UTC,304524,done,25000.0,1.0,online_payment,1284,1,Pork grilled cake,success
244249,2018-04-05 05:45:14.108699 UTC,309388,cancel,25000.0,1.0,online_payment,1284,1,Pork grilled cake,failed
266070,2018-04-21 01:53:00.253030 UTC,70793,done,25000.0,1.0,online_payment,1284,1,Pork grilled cake,success
264297,2018-04-20 02:28:11.427693 UTC,316131,cancel,25000.0,1.0,online_payment,1284,1,Pork grilled cake,failed
240744,2018-04-03 01:20:42.811858 UTC,305210,cancel,25000.0,1.0,online_payment,1284,1,Pork grilled cake,
254408,2018-04-12 08:05:44.471421 UTC,17067,cancel,25000.0,1.0,online_payment,1284,1,Pork grilled cake,failed
266629,2018-04-21 06:27:35.774744 UTC,329785,cancel,25000.0,1.0,online_payment,1284,1,Pork grilled cake,
256525,2018-04-14 05:03:53.54039 UTC,320832,done,25000.0,1.0,online_payment,1284,1,Pork grilled cake,success
274776,2018-04-26 12:44:56.132103 UTC,211751,cancel,25000.0,1.0,online_payment,1284,1,Pork grilled cake,failed
262370,2018-04-19 01:20:07.896269 UTC,325683,done,25000.0,1.0,online_payment,1284,1,Pork grilled cake,success
266580,2018-04-21 06:07:52.927479 UTC,11942,cancel,25000.0,1.0,online_payment,1284,1,Pork grilled cake,failed
276838,2018-04-27 12:30:22.126795 UTC,337178,cancel,25000.0,1.0,online_payment,1284,1,Pork grilled cake,failed
264332,2018-04-20 02:42:40.939769 UTC,316131,done,25000.0,1.0,online_payment,1284,1,Pork grilled cake,success
276814,2018-04-27 12:06:41.230517 UTC,167310,done,25000.0,1.0,online_payment,1284,1,Pork grilled cake,success
264283,2018-04-20 02:24:40.778326 UTC,71801,done,25000.0,1.0,online_payment,1284,1,Pork grilled cake,success
252268,2018-04-11 01:29:10.803290 UTC,9511,done,25000.0,1.0,online_payment,1284,1,Pork grilled cake,success
269748,2018-04-23 07:46:33.334268 UTC,93502,done,25000.0,2.0,online_payment,1284,1,Pork grilled cake,success
240631,2018-04-02 14:01:47.406607 UTC,305083,cancel,39000.0,1.0,online_payment,11,1,Americano (hot),
239398,2018-04-02 02:45:33.49271 UTC,304408,cancel,39000.0,1.0,online_payment,11,1,Americano (hot),
246777,2018-04-06 23:51:09.732977 UTC,312312,cancel,39000.0,1.0,online_payment,11,1,Americano (hot),
249852,2018-04-09 06:15:39.765833 UTC,134914,done,39000.0,1.0,online_payment,11,1,Americano (hot),success
278448,2018-04-29 10:05:25.291495 UTC,118524,cancel,39000.0,1.0,online_payment,11,1,Americano (hot),failed
242987,2018-04-04 07:02:04 UTC,103490,done,39000.0,1.0,online_payment,11,1,Americano (hot),
240713,2018-04-03 01:07:42.567501 UTC,300702,done,55000.0,1.0,online_payment,1291,1,Caramel tea,success
262109,2018-04-18 11:48:58.266006 UTC,118147,done,55000.0,1.0,online_payment,1291,1,Caramel tea,success
269256,2018-04-23 06:23:17.570854 UTC,89843,done,55000.0,1.0,online_payment,1291,1,Caramel tea,success
240663,2018-04-03 00:08:21.963061 UTC,305171,done,55000.0,1.0,online_payment,1291,1,Caramel tea,success
245354,2018-04-06 02:10:03.618268 UTC,126805,done,55000.0,1.0,online_payment,1291,1,Caramel tea,success
268881,2018-04-23 04:17:22.447271 UTC,21700,done,55000.0,1.0,online_payment,1291,1,Caramel tea,success
276454,2018-04-27 07:40:18.158689 UTC,99200,cancel,55000.0,1.0,online_payment,1291,1,Caramel tea,
255023,2018-04-13 02:27:13.458286 UTC,318586,done,55000.0,1.0,online_payment,1291,1,Caramel tea,success
269621,2018-04-23 07:25:08.493353 UTC,223029,done,55000.0,1.0,online_payment,1291,1,Caramel tea,success
270920,2018-04-24 02:57:03 UTC,318540,done,55000.0,1.0,online_payment,1291,1,Caramel tea,
256918,2018-04-14 09:04:45.202807 UTC,153464,done,55000.0,1.0,online_payment,1291,1,Caramel tea,success
269748,2018-04-23 07:46:33.334268 UTC,93502,done,65000.0,1.0,online_payment,1292,1,Caramel tea,success
277788,2018-04-28 11:47:13.843837 UTC,214796,done,65000.0,1.0,online_payment,1292,1,Caramel tea,success
261086,2018-04-18 03:50:04.255117 UTC,313388,cancel,65000.0,1.0,online_payment,1292,1,Caramel tea,
278519,2018-04-29 12:19:27.575938 UTC,330059,cancel,65000.0,1.0,online_payment,1292,1,Caramel tea,failed
266806,2018-04-21 07:59:22.45877 UTC,329866,cancel,65000.0,1.0,online_payment,1292,1,Caramel tea,
260410,2018-04-17 09:40:30.854460 UTC,204796,cancel,65000.0,1.0,online_payment,1292,1,Caramel tea,success
253992,2018-04-12 05:54:58.366674 UTC,318361,cancel,65000.0,1.0,online_payment,1292,1,Caramel tea,
241728,2018-04-03 08:05:26.136597 UTC,305655,cancel,55000.0,1.0,online_payment,1293,1,Caramel tea,
243860,2018-04-05 02:25:11.450084 UTC,125106,done,55000.0,1.0,online_payment,1293,1,Caramel tea,success
246866,2018-04-07 01:26:55.598716 UTC,239732,cancel,55000.0,1.0,online_payment,1293,1,Caramel tea,
267271,2018-04-22 01:35:13.820852 UTC,330338,done,55000.0,1.0,online_payment,1293,1,Caramel tea,success
248284,2018-04-08 04:36:36.72792 UTC,204820,cancel,35000.0,1.0,online_payment,14,1,Hot Espresso,
265208,2018-04-20 07:12:05.60842 UTC,328933,done,29000.0,1.0,online_payment,1555,1,Chocolate Gift Box,success
264738,2018-04-20 04:57:22.963309 UTC,62342,done,29000.0,1.0,online_payment,1555,1,Chocolate Gift Box,success
253505,2018-04-12 01:22:39.686372 UTC,29450,done,29000.0,1.0,online_payment,1555,1,Chocolate Gift Box,success
246076,2018-04-06 06:41:45.722130 UTC,208407,cancel,29000.0,1.0,online_payment,1555,1,Chocolate Gift Box,failed
254976,2018-04-13 02:10:54.549084 UTC,9511,done,25000.0,1.0,online_payment,1556,1,Apple Cheese Mouse & chocolate,success
266484,2018-04-21 05:19:03.953769 UTC,89394,done,25000.0,1.0,online_payment,1556,1,Apple Cheese Mouse & chocolate,success
269748,2018-04-23 07:46:33.334268 UTC,93502,done,25000.0,1.0,online_payment,1556,1,Apple Cheese Mouse & chocolate,success
268791,2018-04-23 03:30:14.941905 UTC,177291,done,25000.0,1.0,online_payment,1556,1,Apple Cheese Mouse & chocolate,success
265466,2018-04-20 08:39:08.433708 UTC,291987,done,25000.0,1.0,online_payment,1556,1,Apple Cheese Mouse & chocolate,success
241406,2018-04-03 06:28:32 UTC,213931,done,42000.0,1.0,online_payment,28,1,Specia Drink Kiwi Tea,
241457,2018-04-03 06:39:30 UTC,185080,done,42000.0,1.0,online_payment,28,1,Specia Drink Kiwi Tea,
270425,2018-04-23 13:07:08 UTC,392565,done,42000.0,1.0,online_payment,28,1,Specia Drink Kiwi Tea,
251721,2018-04-10 07:23:13 UTC,103490,done,42000.0,2.0,online_payment,28,1,Specia Drink Kiwi Tea,
251718,2018-04-10 07:22:29 UTC,103490,done,42000.0,2.0,online_payment,28,1,Specia Drink Kiwi Tea,
269397,2018-04-23 06:52:12.297373 UTC,67711,cancel,42000.0,3.0,online_payment,28,1,Specia Drink Kiwi Tea,failed
259780,2018-04-17 05:07:54.26540 UTC,304487,done,42000.0,3.0,online_payment,28,1,Specia Drink Kiwi Tea,success
256741,2018-04-14 07:08:54.903264 UTC,255369,done,42000.0,3.0,online_payment,28,1,Specia Drink Kiwi Tea,success
257663,2018-04-15 07:29:51.711866 UTC,322563,cancel,42000.0,3.0,online_payment,28,1,Specia Drink Kiwi Tea,
254421,2018-04-12 08:12:21.333963 UTC,304624,done,42000.0,3.0,online_payment,28,1,Specia Drink Kiwi Tea,success
240575,2018-04-02 12:36:36.252805 UTC,305029,done,42000.0,3.0,online_payment,28,1,Specia Drink Kiwi Tea,success
244493,2018-04-05 06:55:08.714076 UTC,177291,done,42000.0,3.0,online_payment,28,1,Specia Drink Kiwi Tea,success
273121,2018-04-25 12:10:52.364499 UTC,285935,done,42000.0,3.0,online_payment,28,1,Specia Drink Kiwi Tea,success
276611,2018-04-27 08:50:11.432821 UTC,274092,done,65000.0,1.0,online_payment,1280,2,Fresh Orange Juice,success
251788,2018-04-10 07:47:21.701460 UTC,276202,done,65000.0,1.0,online_payment,1280,2,Fresh Orange Juice,success
246885,2018-04-07 01:37:17.313330 UTC,65570,cancel,25000.0,1.0,online_payment,1284,2,Pork grilled cake,
271002,2018-04-24 03:48:36.621152 UTC,111290,done,25000.0,1.0,online_payment,1284,2,Pork grilled cake,success
240451,2018-04-02 10:07:29.58721 UTC,298598,cancel,25000.0,1.0,online_payment,1284,2,Pork grilled cake,failed
244732,2018-04-05 08:06:16.382394 UTC,83417,cancel,25000.0,1.0,online_payment,1284,2,Pork grilled cake,success
255845,2018-04-13 09:24:07.186894 UTC,188481,cancel,25000.0,1.0,online_payment,1284,2,Pork grilled cake,
243995,2018-04-05 03:06:31.725074 UTC,191739,cancel,25000.0,3.0,online_payment,1284,2,Pork grilled cake,
245056,2018-04-05 13:31:54.662 UTC,284854,done,55000.0,1.0,online_payment,1291,2,Caramel tea,success
274129,2018-04-26 06:16:37.135184 UTC,259523,done,55000.0,1.0,online_payment,1291,2,Caramel tea,success
265374,2018-04-20 07:58:09.226667 UTC,329009,cancel,55000.0,1.0,online_payment,1291,2,Caramel tea,
265355,2018-04-20 07:51:15.320572 UTC,329009,cancel,55000.0,1.0,online_payment,1291,2,Caramel tea,
271482,2018-04-24 07:10:37.873599 UTC,216623,cancel,55000.0,1.0,online_payment,1291,2,Caramel tea,failed
255767,2018-04-13 08:27:12.772227 UTC,299427,cancel,55000.0,1.0,online_payment,1291,2,Caramel tea,
271564,2018-04-24 07:41:19.736163 UTC,332257,done,55000.0,1.0,online_payment,1291,2,Caramel tea,success
245055,2018-04-05 13:31:52.893030 UTC,284854,cancel,55000.0,1.0,online_payment,1291,2,Caramel tea,
262771,2018-04-19 03:47:13.451880 UTC,179443,cancel,65000.0,1.0,online_payment,1292,2,Caramel tea,failed
252050,2018-04-10 12:06:20.674163 UTC,1596,cancel,55000.0,1.0,online_payment,1293,2,Caramel tea,
238514,2018-04-01 04:23:48.349370 UTC,295381,done,29000.0,1.0,online_payment,1555,2,Chocolate Gift Box,success
266458,2018-04-21 05:06:27.615658 UTC,293941,cancel,29000.0,1.0,online_payment,1555,2,Chocolate Gift Box,failed
267611,2018-04-22 05:02:44.382468 UTC,298824,cancel,29000.0,1.0,online_payment,1555,2,Chocolate Gift Box,failed
255108,2018-04-13 03:14:18.94573 UTC,205175,cancel,25000.0,1.0,online_payment,1556,2,Apple Cheese Mouse & chocolate,
269796,2018-04-23 07:56:00.24566 UTC,193765,done,25000.0,1.0,online_payment,1556,2,Apple Cheese Mouse & chocolate,success
258335,2018-04-16 03:00:55.457324 UTC,31721,cancel,25000.0,1.0,online_payment,1556,2,Apple Cheese Mouse & chocolate,failed
267611,2018-04-22 05:02:44.382468 UTC,298824,cancel,25000.0,1.0,online_payment,1556,2,Apple Cheese Mouse & chocolate,failed
267008,2018-04-21 11:01:47.845607 UTC,7269,done,25000.0,2.0,online_payment,1556,2,Apple Cheese Mouse & chocolate,success
261820,2018-04-18 08:01:50 UTC,87626,done,42000.0,1.0,online_payment,28,2,Specia Drink Kiwi Tea,
259744,2018-04-17 04:44:17.56348 UTC,300043,cancel,42000.0,3.0,online_payment,28,2,Specia Drink Kiwi Tea,
258917,2018-04-16 07:39:58.376346 UTC,8320,done,42000.0,3.0,online_payment,28,2,Specia Drink Kiwi Tea,success
239977,2018-04-02 06:42:20.244938 UTC,55180,done,42000.0,3.0,online_payment,28,2,Specia Drink Kiwi Tea,success
251650,2018-04-10 07:03:26.85234 UTC,179335,done,65000.0,1.0,online_payment,1280,3,Fresh Orange Juice,success
256131,2018-04-14 01:23:30.430165 UTC,134623,done,65000.0,1.0,online_payment,1280,3,Fresh Orange Juice,success
256128,2018-04-14 01:20:48.578529 UTC,134623,cancel,65000.0,1.0,online_payment,1280,3,Fresh Orange Juice,
248904,2018-04-08 23:33:46.194200 UTC,5394,done,25000.0,1.0,online_payment,1284,3,Pork grilled cake,success
259519,2018-04-17 02:19:06.700784 UTC,28668,done,25000.0,1.0,online_payment,1284,3,Pork grilled cake,success
246962,2018-04-07 02:13:20.282444 UTC,286769,done,25000.0,1.0,online_payment,1284,3,Pork grilled cake,success
247597,2018-04-07 08:06:20.933791 UTC,225424,done,25000.0,1.0,online_payment,1284,3,Pork grilled cake,success
264908,2018-04-20 05:59:54.957055 UTC,137095,cancel,25000.0,1.0,online_payment,1284,3,Pork grilled cake,
251753,2018-04-10 07:32:17.239871 UTC,28668,done,25000.0,1.0,online_payment,1284,3,Pork grilled cake,success
248347,2018-04-08 05:19:59.191448 UTC,286769,done,25000.0,1.0,online_payment,1284,3,Pork grilled cake,success
273117,2018-04-25 12:08:52.299560 UTC,271421,done,25000.0,2.0,online_payment,1284,3,Pork grilled cake,success
256156,2018-04-14 01:34:29.789320 UTC,166288,done,25000.0,2.0,online_payment,1284,3,Pork grilled cake,success
267810,2018-04-22 07:34:02.761370 UTC,103476,done,39000.0,1.0,online_payment,11,3,Americano (hot),success
268262,2018-04-22 15:56:06.184796 UTC,16025,cancel,55000.0,1.0,online_payment,1291,3,Caramel tea,
270930,2018-04-24 03:01:19.625045 UTC,165618,cancel,55000.0,1.0,online_payment,1291,3,Caramel tea,failed
258925,2018-04-16 07:44:20.276346 UTC,323762,cancel,55000.0,1.0,online_payment,1291,3,Caramel tea,failed
270795,2018-04-24 02:13:33.259944 UTC,331973,cancel,55000.0,2.0,online_payment,1291,3,Caramel tea,failed
263318,2018-04-19 07:08:29.251897 UTC,296213,done,65000.0,1.0,online_payment,1292,3,Caramel tea,success
238533,2018-04-01 04:40:16.217355 UTC,1519,done,65000.0,1.0,online_payment,1292,3,Caramel tea,success
254926,2018-04-13 01:52:58.820574 UTC,212935,done,55000.0,1.0,online_payment,1293,3,Caramel tea,success
238409,2018-04-01 03:05:01.869790 UTC,286769,done,29000.0,1.0,online_payment,1555,3,Chocolate Gift Box,success
278264,2018-04-29 06:33:31.747404 UTC,206279,cancel,29000.0,1.0,online_payment,1555,3,Chocolate Gift Box,
273722,2018-04-26 03:10:08.774621 UTC,206279,cancel,29000.0,1.0,online_payment,1555,3,Chocolate Gift Box,
258706,2018-04-16 06:24:00.987892 UTC,323543,done,29000.0,1.0,online_payment,1555,3,Chocolate Gift Box,success
264073,2018-04-20 01:11:57 UTC,5394,done,42000.0,1.0,online_payment,28,3,Specia Drink Kiwi Tea,
254658,2018-04-12 12:19:03.803971 UTC,61875,done,42000.0,3.0,online_payment,28,3,Specia Drink Kiwi Tea,success
241767,2018-04-03 08:22:53.477550 UTC,305661,cancel,42000.0,3.0,online_payment,28,3,Specia Drink Kiwi Tea,
254159,2018-04-12 06:38:15.744557 UTC,193794,done,42000.0,3.0,online_payment,28,3,Specia Drink Kiwi Tea,success
241763,2018-04-03 08:20:53.831122 UTC,305661,cancel,42000.0,3.0,online_payment,28,3,Specia Drink Kiwi Tea,
267810,2018-04-22 07:34:02.761370 UTC,103476,done,42000.0,3.0,online_payment,28,3,Specia Drink Kiwi Tea,success
250791,2018-04-09 23:53:50.88730 UTC,133890,done,65000.0,1.0,online_payment,1280,4,Fresh Orange Juice,success
242537,2018-04-04 04:20:11.689302 UTC,41792,done,65000.0,1.0,online_payment,1280,4,Fresh Orange Juice,success
262212,2018-04-18 13:28:52.117361 UTC,262031,cancel,25000.0,1.0,online_payment,1284,4,Pork grilled cake,
252345,2018-04-11 01:57:18.36539 UTC,31471,cancel,25000.0,1.0,online_payment,1284,4,Pork grilled cake,failed
270613,2018-04-24 01:08:19.180202 UTC,11638,done,25000.0,1.0,online_payment,1284,4,Pork grilled cake,success
251962,2018-04-10 09:56:14.978738 UTC,16899,done,25000.0,1.0,online_payment,1284,4,Pork grilled cake,success
255423,2018-04-13 06:16:15.622839 UTC,5628,done,25000.0,3.0,online_payment,1284,4,Pork grilled cake,success
254435,2018-04-12 08:20:40.634079 UTC,112402,done,55000.0,1.0,online_payment,1291,4,Caramel tea,success
243137,2018-04-04 07:50:14.115140 UTC,253962,done,65000.0,1.0,online_payment,1292,4,Caramel tea,success
254491,2018-04-12 08:54:49.289418 UTC,293953,done,65000.0,1.0,online_payment,1292,4,Caramel tea,success
241249,2018-04-03 05:37:58.326583 UTC,293953,done,65000.0,1.0,online_payment,1292,4,Caramel tea,success
276349,2018-04-27 07:20:35.630653 UTC,112402,done,65000.0,2.0,online_payment,1292,4,Caramel tea,success
255143,2018-04-13 03:32:25.825652 UTC,74923,cancel,29000.0,1.0,online_payment,1555,4,Chocolate Gift Box,failed
264529,2018-04-20 03:41:14.178562 UTC,135169,done,29000.0,1.0,online_payment,1555,4,Chocolate Gift Box,success
255159,2018-04-13 03:41:56.56520 UTC,74923,cancel,29000.0,1.0,online_payment,1555,4,Chocolate Gift Box,
254651,2018-04-12 12:07:46.633629 UTC,202571,done,25000.0,1.0,online_payment,1556,4,Apple Cheese Mouse & chocolate,success
273752,2018-04-26 03:25:14.373057 UTC,111129,done,25000.0,1.0,online_payment,1556,4,Apple Cheese Mouse & chocolate,success
263774,2018-04-19 11:13:09.766546 UTC,291495,done,25000.0,1.0,online_payment,1556,4,Apple Cheese Mouse & chocolate,success
271301,2018-04-24 06:23:58.434921 UTC,305463,cancel,42000.0,9.0,online_payment,28,4,Specia Drink Kiwi Tea,
271309,2018-04-24 06:26:10.926218 UTC,305463,done,42000.0,9.0,online_payment,28,4,Specia Drink Kiwi Tea,success
270658,2018-04-24 01:22:23.497387 UTC,181342,done,42000.0,3.0,online_payment,28,4,Specia Drink Kiwi Tea,success
268812,2018-04-23 03:41:53.694021 UTC,45382,done,25000.0,1.0,online_payment,1284,5,Pork grilled cake,success
273736,2018-04-26 03:17:07.363967 UTC,45382,done,25000.0,1.0,online_payment,1284,5,Pork grilled cake,success
253005,2018-04-11 07:24:19.860535 UTC,316201,cancel,55000.0,1.0,online_payment,1291,5,Caramel tea,
253003,2018-04-11 07:23:35.898094 UTC,316201,cancel,65000.0,1.0,online_payment,1292,5,Caramel tea,
258728,2018-04-16 06:30:07.824949 UTC,213228,cancel,65000.0,1.0,online_payment,1292,5,Caramel tea,failed
260776,2018-04-18 01:44:02.420189 UTC,132291,done,55000.0,1.0,online_payment,1293,5,Caramel tea,success
249103,2018-04-09 01:57:19.120554 UTC,132291,done,55000.0,1.0,online_payment,1293,5,Caramel tea,success
252299,2018-04-11 01:41:41.526407 UTC,260508,done,55000.0,1.0,online_payment,1293,5,Caramel tea,success
239272,2018-04-02 01:50:33.838526 UTC,132291,done,55000.0,1.0,online_payment,1293,5,Caramel tea,success
258324,2018-04-16 02:55:51.162167 UTC,132291,done,55000.0,1.0,online_payment,1293,5,Caramel tea,success
268432,2018-04-23 01:31:27.937007 UTC,132291,done,55000.0,1.0,online_payment,1293,5,Caramel tea,success
265021,2018-04-20 06:32:21.252468 UTC,78469,cancel,29000.0,1.0,online_payment,1555,5,Chocolate Gift Box,
263298,2018-04-19 07:02:22.179468 UTC,70787,done,29000.0,1.0,online_payment,1555,5,Chocolate Gift Box,success
253779,2018-04-12 03:27:12.88604 UTC,261069,done,25000.0,1.0,online_payment,1556,5,Apple Cheese Mouse & chocolate,success
242472,2018-04-04 03:46:05.228536 UTC,261069,cancel,25000.0,1.0,online_payment,1556,5,Apple Cheese Mouse & chocolate,
240754,2018-04-03 01:26:15.732569 UTC,305205,cancel,42000.0,3.0,online_payment,28,5,Specia Drink Kiwi Tea,
260683,2018-04-18 01:08:49.118007 UTC,3331,done,25000.0,1.0,online_payment,1284,6,Pork grilled cake,success
247660,2018-04-07 08:46:20.483434 UTC,120744,cancel,25000.0,1.0,online_payment,1284,6,Pork grilled cake,failed
251766,2018-04-10 07:39:02.80264 UTC,284814,done,39000.0,1.0,online_payment,11,6,Americano (hot),success
262290,2018-04-19 00:27:32.481394 UTC,24066,done,55000.0,1.0,online_payment,1291,6,Caramel tea,success
270975,2018-04-24 03:25:39.734586 UTC,2978,done,65000.0,1.0,online_payment,1292,6,Caramel tea,success
271733,2018-04-24 09:14:17.9654 UTC,277524,cancel,65000.0,1.0,online_payment,1292,6,Caramel tea,failed
252212,2018-04-11 01:03:03.149442 UTC,311992,done,65000.0,1.0,online_payment,1292,6,Caramel tea,success
248407,2018-04-08 06:01:52.768279 UTC,127886,done,29000.0,1.0,online_payment,1555,6,Chocolate Gift Box,success
252923,2018-04-11 06:57:34.565889 UTC,29275,done,25000.0,1.0,online_payment,1556,6,Apple Cheese Mouse & chocolate,success
265259,2018-04-20 07:25:44.320501 UTC,255610,done,25000.0,1.0,online_payment,1556,6,Apple Cheese Mouse & chocolate,success
266917,2018-04-21 09:12:52.418455 UTC,289790,done,25000.0,1.0,online_payment,1284,7,Pork grilled cake,success
277269,2018-04-28 03:32:25.150222 UTC,14635,cancel,25000.0,1.0,online_payment,1284,7,Pork grilled cake,
255841,2018-04-13 09:21:54.767381 UTC,289790,done,25000.0,1.0,online_payment,1284,7,Pork grilled cake,success
264909,2018-04-20 06:00:12.659036 UTC,134104,done,25000.0,1.0,online_payment,1284,7,Pork grilled cake,success
274280,2018-04-26 06:55:39.532270 UTC,328938,cancel,39000.0,1.0,online_payment,11,7,Americano (hot),
265143,2018-04-20 06:57:04.387775 UTC,328938,cancel,39000.0,1.0,online_payment,11,7,Americano (hot),
268743,2018-04-23 03:08:03.309413 UTC,328938,cancel,39000.0,1.0,online_payment,11,7,Americano (hot),
268272,2018-04-22 17:50:40.752671 UTC,328938,cancel,39000.0,1.0,online_payment,11,7,Americano (hot),
246190,2018-04-06 07:06:35.34716 UTC,68971,done,29000.0,1.0,online_payment,1555,7,Chocolate Gift Box,success
244721,2018-04-05 08:03:12.889296 UTC,132252,cancel,25000.0,1.0,online_payment,1556,7,Apple Cheese Mouse & chocolate,
258768,2018-04-16 06:42:08.468263 UTC,110720,done,55000.0,1.0,online_payment,1291,8,Caramel tea,success
262723,2018-04-19 03:16:48.619676 UTC,260454,done,55000.0,1.0,online_payment,1291,8,Caramel tea,success
262466,2018-04-19 01:50:38.635555 UTC,55992,done,65000.0,1.0,online_payment,1292,9,Caramel tea,success
263583,2018-04-19 08:55:15.643492 UTC,48743,done,25000.0,1.0,online_payment,1556,9,Apple Cheese Mouse & chocolate,success
271745,2018-04-24 09:27:09.887489 UTC,48743,done,25000.0,1.0,online_payment,1556,9,Apple Cheese Mouse & chocolate,success
255815,2018-04-13 08:59:14.652340 UTC,171285,done,25000.0,1.0,online_payment,1284,10,Pork grilled cake,success
267615,2018-04-22 05:08:13.747738 UTC,269169,done,25000.0,1.0,online_payment,1284,10,Pork grilled cake,success
255812,2018-04-13 08:54:43.827815 UTC,171285,cancel,25000.0,1.0,online_payment,1284,10,Pork grilled cake,failed
254874,2018-04-13 01:35:13.87636 UTC,255667,done,39000.0,1.0,online_payment,11,10,Americano (hot),success
264445,2018-04-20 03:14:42.317905 UTC,255667,done,39000.0,2.0,online_payment,11,10,Americano (hot),success
239352,2018-04-02 02:24:30.151126 UTC,11239,cancel,65000.0,1.0,online_payment,1292,10,Caramel tea,
252292,2018-04-11 01:39:33.69205 UTC,35226,done,55000.0,1.0,online_payment,1293,10,Caramel tea,success
240804,2018-04-03 01:49:49.787732 UTC,35226,cancel,55000.0,1.0,online_payment,1293,10,Caramel tea,
240805,2018-04-03 01:49:49.880645 UTC,35226,cancel,55000.0,1.0,online_payment,1293,10,Caramel tea,
243610,2018-04-04 15:30:02.255854 UTC,247737,done,25000.0,1.0,online_payment,1284,11,Pork grilled cake,success
250779,2018-04-09 15:35:56.195967 UTC,247737,done,25000.0,1.0,online_payment,1284,11,Pork grilled cake,success
240649,2018-04-02 15:47:48.863424 UTC,247737,done,25000.0,1.0,online_payment,1284,11,Pork grilled cake,success
268119,2018-04-22 12:06:48.909216 UTC,170506,cancel,39000.0,1.0,online_payment,11,11,Americano (hot),
268087,2018-04-22 11:39:41.843900 UTC,170506,cancel,39000.0,1.0,online_payment,11,11,Americano (hot),failed
268119,2018-04-22 12:06:48.909216 UTC,170506,cancel,29000.0,1.0,online_payment,1555,11,Chocolate Gift Box,
249248,2018-04-09 02:25:33 UTC,129381,done,42000.0,1.0,online_payment,28,13,Specia Drink Kiwi Tea,
